customer_id,signup_date,acquisition_channel,region
1,2026-06-28,TikTok,AU
2,2026-01-10,TikTok,US
3,2026-04-11,Meta,EU
4,2026-07-03,TikTok,US
5,2026-03-28,Meta,US
6,2026-05-01,Meta,US
7,2026-05-19,Meta,US
8,2026-06-24,Meta,US
9,2026-06-14,Google,UK
10,2026-05-29,Google,US
11,2026-06-18,Google,UK
12,2026-07-20,Google,US
13,2026-06-05,Meta,EU
14,2026-07-29,Meta,EU
15,2026-06-25,Google,US
16,2026-07-30,Affiliate,US
17,2026-05-11,Meta,US
18,2026-06-26,Meta,CA
19,2026-05-13,Meta,AU
20,2026-07-06,Organic/Direct,AU
21,2026-07-02,Affiliate,AU
22,2026-07-05,Meta,CA
23,2026-04-09,Meta,US
24,2026-07-03,TikTok,UK
25,2026-03-20,Meta,UK
26,2026-02-11,Meta,US
27,2026-03-18,Organic/Direct,US
28,2026-05-17,Meta,CA
29,2026-07-17,Meta,US
30,2026-04-21,Meta,AU
31,2026-07-25,Organic/Direct,US
32,2026-07-16,Affiliate,US
33,2026-02-27,Meta,UK
34,2026-06-23,Google,CA
35,2026-06-07,Meta,US
36,2026-04-19,Meta,US
37,2026-07-02,Meta,US
38,2026-06-18,Meta,UK
39,2026-05-25,Google,EU
40,2026-05-01,Google,UK
41,2026-06-18,Google,UK
42,2026-06-20,Meta,US
43,2026-02-10,Meta,US
44,2026-06-04,Google,US
45,2026-07-25,TikTok,US
46,2026-06-11,TikTok,AU
47,2026-06-20,Affiliate,US
48,2026-07-24,Meta,UK
49,2026-04-09,Google,US
50,2026-05-08,Organic/Direct,US
51,2026-07-20,Google,US
52,2026-04-21,Organic/Direct,EU
53,2026-07-11,Meta,US
54,2026-06-18,Organic/Direct,US
55,2026-05-02,Organic/Direct,CA
56,2026-04-06,Affiliate,US
57,2026-06-11,Affiliate,US
58,2026-07-05,TikTok,US
59,2026-04-22,Organic/Direct,EU
60,2026-06-05,TikTok,US
61,2026-07-16,Meta,US
62,2026-07-07,Google,US
63,2026-04-19,Meta,US
64,2026-03-13,Meta,US
65,2026-05-07,Google,US
66,2026-04-10,Google,UK
67,2026-07-21,Google,US
68,2026-06-19,Meta,EU
69,2026-07-14,Google,US
70,2026-06-28,Google,AU
71,2026-04-30,Meta,US
72,2026-06-16,Google,UK
73,2026-05-11,Google,US
74,2026-05-31,Google,CA
75,2026-03-13,Google,AU
76,2026-06-06,Affiliate,US
77,2026-07-18,Google,CA
78,2026-05-14,TikTok,US
79,2026-04-28,Meta,EU
80,2026-06-24,Google,US
81,2026-03-03,Google,UK
82,2026-05-09,Meta,US
83,2026-07-26,Google,UK
84,2026-05-16,Affiliate,EU
85,2026-05-18,Organic/Direct,US
86,2026-04-24,Meta,US
87,2026-05-31,Meta,US
88,2026-07-14,Meta,US
89,2026-03-13,Meta,US
90,2026-05-19,Google,CA
91,2026-06-16,TikTok,US
92,2026-06-14,Google,UK
93,2026-01-02,Meta,US
94,2026-01-17,Affiliate,US
95,2026-05-14,Meta,UK
96,2026-02-06,Meta,US
97,2026-05-04,Meta,UK
98,2026-07-05,Google,US
99,2026-01-20,Meta,US
100,2026-05-21,Google,US
101,2026-05-16,Meta,US
102,2026-05-04,Meta,UK
103,2026-06-12,Google,US
104,2026-04-10,Organic/Direct,US
105,2026-04-06,Organic/Direct,CA
106,2026-07-04,Meta,US
107,2026-05-29,Google,US
108,2026-06-03,Meta,US
109,2026-06-22,Meta,US
110,2026-07-01,Google,US
111,2026-02-05,Google,UK
112,2026-05-17,Meta,US
113,2026-05-01,Affiliate,US
114,2026-07-12,Organic/Direct,US
115,2026-07-13,Meta,US
116,2026-06-02,Google,US
117,2026-05-03,Meta,US
118,2026-05-31,Meta,US
119,2026-07-20,Meta,UK
120,2026-07-10,Affiliate,US
121,2026-03-22,Meta,US
122,2026-07-03,Google,US
123,2026-07-05,Google,CA
124,2026-07-03,Google,AU
125,2026-06-08,Google,UK
126,2026-07-16,Google,US
127,2026-02-25,Meta,US
128,2026-02-20,Meta,US
129,2026-02-20,Meta,AU
130,2026-07-15,Google,US
131,2026-05-24,Google,CA
132,2026-07-19,Google,CA
133,2026-06-20,Meta,US
134,2026-03-23,Meta,US
135,2026-07-20,Meta,UK
136,2026-05-30,Meta,US
137,2026-05-20,Google,US
138,2026-03-26,Meta,US
139,2026-05-15,Meta,US
140,2026-07-07,Google,US
141,2026-03-06,TikTok,US
142,2026-06-29,Google,AU
143,2026-07-17,Meta,US
144,2026-03-21,Meta,EU
145,2026-06-26,Google,US
146,2026-07-24,Meta,US
147,2026-07-07,Affiliate,UK
148,2026-07-12,TikTok,UK
149,2026-06-03,Google,US
150,2026-05-07,Meta,US
151,2026-04-08,Organic/Direct,US
152,2026-04-11,Meta,US
153,2026-07-13,Meta,CA
154,2026-07-12,Affiliate,US
155,2026-05-03,TikTok,US
156,2026-05-10,Meta,CA
157,2026-07-05,Affiliate,US
158,2026-05-20,Google,UK
159,2026-04-13,Google,US
160,2026-07-02,Google,US
161,2026-04-28,Affiliate,US
162,2026-07-12,Meta,EU
163,2026-07-29,Google,US
164,2026-05-11,Google,EU
165,2026-07-10,Affiliate,US
166,2026-04-16,Google,AU
167,2026-06-07,Meta,CA
168,2026-07-14,Meta,CA
169,2026-04-21,Organic/Direct,US
170,2026-05-20,Organic/Direct,US
171,2026-05-22,Meta,US
172,2026-02-18,Meta,EU
173,2026-05-10,Meta,EU
174,2026-07-13,Google,CA
175,2026-03-20,Meta,CA
176,2026-06-26,Meta,UK
177,2026-05-22,Meta,US
178,2026-04-17,Affiliate,US
179,2026-06-29,Google,US
180,2026-04-24,Meta,US
181,2026-05-17,TikTok,US
182,2026-03-12,Organic/Direct,US
183,2026-01-28,Google,US
184,2026-03-21,Google,US
185,2026-04-14,Google,UK
186,2026-03-03,Organic/Direct,US
187,2026-06-03,Google,EU
188,2026-06-07,Google,US
189,2026-06-18,Organic/Direct,US
190,2026-01-27,TikTok,US
191,2026-06-30,Google,CA
192,2026-06-30,Meta,US
193,2026-06-05,Affiliate,US
194,2026-07-06,Google,UK
195,2026-06-17,Affiliate,US
196,2026-07-05,Google,US
197,2026-02-03,Meta,US
198,2026-05-14,Affiliate,US
199,2026-02-10,Meta,AU
200,2026-02-16,Meta,CA
201,2026-05-20,Google,US
202,2026-07-26,Meta,US
203,2026-06-25,Meta,CA
204,2026-04-19,Meta,US
205,2026-05-19,Organic/Direct,US
206,2026-04-25,Meta,US
207,2026-04-25,Google,UK
208,2026-03-28,Google,US
209,2026-06-29,Organic/Direct,US
210,2026-05-20,Google,CA
211,2026-02-20,Google,US
212,2026-07-02,Meta,US
213,2026-07-14,TikTok,US
214,2026-03-16,Meta,UK
215,2026-05-07,Organic/Direct,US
216,2026-03-24,Google,US
217,2026-05-21,Meta,US
218,2026-05-08,Meta,US
219,2026-07-26,Meta,US
220,2026-06-01,Organic/Direct,US
221,2026-07-05,TikTok,US
222,2026-06-15,TikTok,EU
223,2026-04-05,Meta,US
224,2026-03-29,TikTok,EU
225,2026-07-09,Organic/Direct,EU
226,2026-06-22,TikTok,US
227,2026-04-24,Meta,US
228,2026-06-27,TikTok,US
229,2026-05-07,Meta,EU
230,2026-07-07,Meta,US
231,2026-05-07,Google,US
232,2026-07-29,Meta,AU
233,2026-01-23,TikTok,US
234,2026-07-05,Affiliate,US
235,2026-07-28,Google,US
236,2026-06-24,Meta,AU
237,2026-07-06,Google,US
238,2026-07-27,Google,AU
239,2026-02-05,Meta,US
240,2026-07-23,Meta,EU
241,2026-06-01,Meta,US
242,2026-04-04,Organic/Direct,US
243,2026-06-16,Google,US
244,2026-06-18,Google,US
245,2026-03-29,Google,AU
246,2026-05-03,Organic/Direct,US
247,2026-07-16,Meta,EU
248,2026-07-05,Meta,US
249,2026-06-09,Google,US
250,2026-07-18,Google,UK
251,2026-04-26,Meta,CA
252,2026-05-15,Google,UK
253,2026-03-25,Google,US
254,2026-05-04,Meta,AU
255,2026-04-30,Organic/Direct,US
256,2026-05-14,TikTok,US
257,2026-03-10,Meta,US
258,2026-05-22,Meta,US
259,2026-07-25,Affiliate,US
260,2026-07-27,Organic/Direct,CA
261,2026-07-23,TikTok,US
262,2026-03-26,Organic/Direct,US
263,2026-07-17,Google,US
264,2026-05-13,Google,US
265,2026-06-11,Meta,US
266,2026-06-13,Affiliate,UK
267,2026-04-23,Meta,US
268,2026-03-19,Meta,US
269,2026-05-14,Meta,US
270,2026-06-08,Meta,US
271,2026-05-12,Google,US
272,2026-07-11,Google,US
273,2026-03-17,Meta,US
274,2026-07-29,Google,US
275,2026-03-22,Google,US
276,2026-01-11,Meta,US
277,2026-05-23,Google,US
278,2026-05-01,Google,US
279,2026-07-30,TikTok,US
280,2026-05-03,Affiliate,US
281,2026-06-27,Meta,CA
282,2026-05-09,TikTok,EU
283,2026-06-11,TikTok,UK
284,2026-06-25,Meta,US
285,2026-07-27,TikTok,CA
286,2026-06-10,TikTok,US
287,2026-03-29,Google,US
288,2026-07-13,Meta,UK
289,2026-02-07,Meta,US
290,2026-04-29,Meta,UK
291,2026-05-16,TikTok,AU
292,2026-07-17,TikTok,US
293,2026-03-20,Meta,US
294,2026-06-21,Google,US
295,2026-03-29,Organic/Direct,US
296,2026-05-06,TikTok,UK
297,2026-06-19,TikTok,US
298,2026-04-03,Meta,US
299,2026-04-11,Organic/Direct,US
300,2026-04-24,Meta,UK
301,2026-04-29,Meta,EU
302,2026-07-08,Meta,US
303,2026-06-23,Meta,EU
304,2026-07-10,Organic/Direct,CA
305,2026-04-24,Meta,UK
306,2026-05-05,Google,US
307,2026-05-27,Meta,US
308,2026-07-23,TikTok,US
309,2026-06-15,Google,US
310,2026-06-22,Google,UK
311,2026-02-18,TikTok,US
312,2026-07-05,Meta,US
313,2026-07-23,Google,EU
314,2026-07-17,Google,US
315,2026-07-27,Meta,UK
316,2026-07-21,Meta,US
317,2026-06-04,TikTok,EU
318,2026-07-21,Meta,AU
319,2026-03-30,Organic/Direct,EU
320,2026-05-13,Google,EU
321,2026-07-26,Organic/Direct,AU
322,2026-01-21,Google,US
323,2026-07-29,Meta,EU
324,2026-06-05,Google,EU
325,2026-07-14,Google,US
326,2026-03-12,Meta,US
327,2026-04-18,Meta,UK
328,2026-07-07,Google,CA
329,2026-03-30,Affiliate,AU
330,2026-07-11,Google,US
331,2026-06-22,Meta,US
332,2026-05-01,Meta,US
333,2026-04-13,TikTok,EU
334,2026-04-26,TikTok,US
335,2026-06-20,TikTok,US
336,2026-03-14,Meta,US
337,2026-05-30,Affiliate,UK
338,2026-04-28,Meta,AU
339,2026-04-25,Google,US
340,2026-03-19,Meta,UK
341,2026-06-14,Google,US
342,2026-05-25,Google,UK
343,2026-04-09,Meta,CA
344,2026-07-17,Meta,US
345,2026-06-27,Meta,US
346,2026-02-22,Google,US
347,2026-03-23,Meta,US
348,2026-03-13,Meta,US
349,2026-03-05,Google,CA
350,2026-05-23,Google,US
351,2026-02-20,Affiliate,UK
352,2026-05-13,Affiliate,UK
353,2026-06-10,Meta,US
354,2026-02-23,Organic/Direct,US
355,2026-07-23,Meta,US
356,2026-07-05,TikTok,EU
357,2026-06-19,Google,EU
358,2026-05-11,Affiliate,AU
359,2026-05-10,TikTok,UK
360,2026-06-04,Google,US
361,2026-03-31,Google,US
362,2026-06-30,Meta,US
363,2026-01-01,TikTok,US
364,2026-05-10,Meta,US
365,2026-03-25,Meta,AU
366,2026-07-04,Meta,UK
367,2026-06-15,Organic/Direct,AU
368,2026-04-14,Meta,US
369,2026-05-21,TikTok,AU
370,2026-04-15,Meta,US
371,2026-06-05,TikTok,CA
372,2026-03-20,Organic/Direct,US
373,2026-07-21,Google,US
374,2026-07-05,Affiliate,US
375,2026-07-17,Organic/Direct,US
376,2026-05-16,Meta,US
377,2026-06-12,TikTok,US
378,2026-06-23,Google,US
379,2026-05-04,Google,US
380,2026-06-02,TikTok,US
381,2026-04-26,Meta,US
382,2026-04-14,Meta,AU
383,2026-03-22,Google,US
384,2026-05-16,Google,US
385,2026-05-12,Meta,US
386,2026-03-01,Google,US
387,2026-06-04,Affiliate,US
388,2026-05-10,Google,US
389,2026-02-26,Google,UK
390,2026-04-09,Meta,AU
391,2026-04-27,Organic/Direct,US
392,2026-04-02,TikTok,UK
393,2026-07-03,Organic/Direct,UK
394,2026-06-27,Google,US
395,2026-04-30,Meta,US
396,2026-06-19,Meta,US
397,2026-07-18,Google,CA
398,2026-06-29,TikTok,US
399,2026-04-06,Meta,US
400,2026-07-16,TikTok,US
401,2026-06-06,Google,UK
402,2026-04-25,Meta,US
403,2026-06-09,Meta,US
404,2026-07-24,Meta,CA
405,2026-05-28,TikTok,UK
406,2026-05-24,TikTok,US
407,2026-03-20,Google,US
408,2026-07-18,Organic/Direct,EU
409,2026-06-02,Affiliate,US
410,2026-07-10,Meta,US
411,2026-03-20,Google,US
412,2026-03-23,Meta,US
413,2026-02-21,Organic/Direct,AU
414,2026-06-21,Meta,US
415,2026-05-16,Meta,UK
416,2026-06-04,Meta,US
417,2026-06-26,Google,EU
418,2026-03-31,Organic/Direct,US
419,2026-04-14,Google,US
420,2026-05-06,TikTok,US
421,2026-07-26,Google,US
422,2026-06-26,Meta,CA
423,2026-03-01,Organic/Direct,UK
424,2026-02-07,Meta,US
425,2026-06-18,TikTok,US
426,2026-07-13,Google,US
427,2026-07-28,Organic/Direct,AU
428,2026-07-22,Meta,AU
429,2026-06-25,Google,US
430,2026-07-22,TikTok,US
431,2026-06-05,Google,US
432,2026-07-14,Meta,US
433,2026-03-22,Affiliate,CA
434,2026-07-23,Meta,US
435,2026-06-08,Affiliate,UK
436,2026-06-05,Google,UK
437,2026-07-07,TikTok,US
438,2026-07-02,Meta,US
439,2026-04-12,Meta,US
440,2026-06-15,Google,EU
441,2026-05-01,Google,CA
442,2026-05-22,Meta,US
443,2026-05-10,Meta,US
444,2026-05-11,TikTok,US
445,2026-04-15,Meta,US
446,2026-05-11,TikTok,US
447,2026-05-12,Meta,US
448,2026-07-24,Google,CA
449,2026-03-09,Meta,US
450,2026-06-07,Google,US
451,2026-03-05,Google,US
452,2026-07-06,Affiliate,US
453,2026-05-16,TikTok,UK
454,2026-06-07,Organic/Direct,US
455,2026-06-02,TikTok,US
456,2026-04-20,Meta,US
457,2026-03-28,Meta,US
458,2026-07-06,Meta,EU
459,2026-06-29,Google,US
460,2026-05-23,Meta,US
461,2026-05-13,Affiliate,US
462,2026-07-15,Google,US
463,2026-07-11,Google,US
464,2026-04-26,Google,UK
465,2026-05-27,Meta,US
466,2026-04-30,TikTok,UK
467,2026-07-27,TikTok,US
468,2026-04-22,TikTok,US
469,2026-07-23,Meta,EU
470,2026-03-31,TikTok,US
471,2026-06-29,Organic/Direct,US
472,2026-07-08,Affiliate,US
473,2026-07-14,TikTok,UK
474,2026-03-20,Meta,US
475,2026-03-24,Google,US
476,2026-05-22,Google,US
477,2026-06-04,Organic/Direct,AU
478,2026-05-17,Meta,EU
479,2026-06-26,Affiliate,US
480,2026-07-21,Meta,US
481,2026-06-22,Meta,US
482,2026-06-08,Google,UK
483,2026-07-27,Meta,CA
484,2026-03-10,Meta,US
485,2026-07-02,Google,UK
486,2026-04-10,Meta,US
487,2026-06-23,TikTok,US
488,2026-07-30,Google,US
489,2026-07-22,Meta,CA
490,2026-06-30,Meta,US
491,2026-07-06,Google,US
492,2026-03-07,TikTok,US
493,2026-01-23,Meta,CA
494,2026-06-19,TikTok,US
495,2026-07-29,Meta,US
496,2026-03-26,Google,EU
497,2026-04-12,Google,US
498,2026-06-18,Google,US
499,2026-06-15,Meta,US
500,2026-05-12,TikTok,US
501,2026-07-03,Affiliate,US
502,2026-03-09,Affiliate,US
503,2026-05-01,Google,US
504,2026-07-15,Google,UK
505,2026-06-13,Google,US
506,2026-05-05,Affiliate,US
507,2026-07-10,TikTok,US
508,2026-06-15,Meta,US
509,2026-03-14,Meta,US
510,2026-06-25,Google,US
511,2026-03-20,Google,US
512,2026-06-18,TikTok,UK
513,2026-07-30,Google,US
514,2026-03-21,Meta,US
515,2026-02-08,Google,US
516,2026-05-11,Google,UK
517,2026-05-15,Google,UK
518,2026-05-21,Meta,US
519,2026-07-08,Meta,US
520,2026-04-11,Meta,CA
521,2026-06-08,TikTok,US
522,2026-05-31,Google,US
523,2026-06-05,Organic/Direct,US
524,2026-07-03,TikTok,US
525,2026-04-09,Google,UK
526,2026-06-20,Meta,AU
527,2026-01-01,Affiliate,US
528,2026-07-30,TikTok,US
529,2026-07-09,Google,US
530,2026-06-27,Google,US
531,2026-03-20,Meta,US
532,2026-02-03,Google,US
533,2026-07-28,Meta,US
534,2026-07-25,Google,AU
535,2026-07-10,Meta,CA
536,2026-05-16,Meta,US
537,2026-06-20,TikTok,US
538,2026-03-22,Meta,US
539,2026-07-13,Google,US
540,2026-06-17,Google,US
541,2026-02-27,TikTok,US
542,2026-07-02,TikTok,AU
543,2026-05-23,Google,US
544,2026-07-16,Affiliate,US
545,2026-07-28,Google,UK
546,2026-07-14,TikTok,US
547,2026-07-27,Affiliate,US
548,2026-04-30,Meta,US
549,2026-03-18,Affiliate,CA
550,2026-07-19,TikTok,US
551,2026-06-16,Affiliate,US
552,2026-07-23,Meta,US
553,2026-07-30,Google,EU
554,2026-07-21,Affiliate,US
555,2026-07-17,Affiliate,US
556,2026-05-07,Meta,UK
557,2026-06-19,Meta,UK
558,2026-06-29,TikTok,US
559,2026-03-05,Meta,US
560,2026-02-28,Google,US
561,2026-01-19,Meta,US
562,2026-07-15,TikTok,US
563,2026-04-11,Meta,CA
564,2026-03-09,Meta,US
565,2026-05-11,Affiliate,AU
566,2026-06-19,TikTok,US
567,2026-06-08,Google,US
568,2026-05-06,Meta,UK
569,2026-07-22,Google,US
570,2026-04-09,Affiliate,US
571,2026-03-16,TikTok,US
572,2026-05-19,TikTok,US
573,2026-06-19,Meta,US
574,2026-06-29,Meta,EU
575,2026-02-04,Affiliate,US
576,2026-06-14,Meta,US
577,2026-06-19,TikTok,CA
578,2026-04-14,Google,US
579,2026-06-18,Meta,AU
580,2026-01-24,Meta,US
581,2026-05-12,Affiliate,US
582,2026-06-05,Meta,US
583,2026-07-29,Meta,US
584,2026-01-25,Meta,AU
585,2026-07-25,Google,US
586,2026-06-28,TikTok,US
587,2026-05-14,Google,US
588,2026-03-24,Meta,US
589,2026-07-22,Organic/Direct,US
590,2026-05-01,Google,CA
591,2026-06-20,Google,US
592,2026-05-20,Organic/Direct,US
593,2026-04-15,Organic/Direct,US
594,2026-06-15,Meta,UK
595,2026-06-21,Meta,US
596,2026-03-20,Meta,US
597,2026-05-05,Google,CA
598,2026-04-18,Meta,UK
599,2026-07-17,TikTok,US
600,2026-07-20,Meta,US
601,2026-06-02,Meta,EU
602,2026-06-17,Google,US
603,2026-02-19,Meta,US
604,2026-07-05,Affiliate,UK
605,2026-03-13,TikTok,US
606,2026-07-15,Meta,US
607,2026-05-08,Organic/Direct,US
608,2026-07-26,Meta,CA
609,2026-06-28,Google,US
610,2026-04-16,Organic/Direct,US
611,2026-07-11,Google,US
612,2026-06-23,Meta,US
613,2026-06-01,Meta,US
614,2026-07-17,Affiliate,CA
615,2026-04-28,Meta,US
616,2026-05-09,Meta,CA
617,2026-07-01,Meta,US
618,2026-07-28,Organic/Direct,CA
619,2026-06-30,Google,CA
620,2026-03-23,Organic/Direct,US
621,2026-06-05,Google,UK
622,2026-01-21,Meta,CA
623,2026-05-10,TikTok,US
624,2026-04-06,Organic/Direct,US
625,2026-07-26,Organic/Direct,US
626,2026-04-22,Meta,US
627,2026-07-14,Google,AU
628,2026-05-23,TikTok,US
629,2026-05-31,Google,US
630,2026-06-12,Meta,UK
631,2026-03-18,Meta,AU
632,2026-07-23,Google,CA
633,2026-05-01,Google,US
634,2026-07-24,Meta,CA
635,2026-03-11,Meta,US
636,2026-04-29,Meta,US
637,2026-07-05,Google,US
638,2026-07-14,Meta,CA
639,2026-04-27,TikTok,US
640,2026-04-08,Affiliate,US
641,2026-06-27,Organic/Direct,US
642,2026-01-11,Organic/Direct,US
643,2026-05-15,Google,UK
644,2026-04-16,Google,CA
645,2026-03-20,Meta,CA
646,2026-07-29,Meta,CA
647,2026-05-09,Google,UK
648,2026-06-11,Meta,CA
649,2026-01-01,Google,CA
650,2026-03-05,Affiliate,CA
651,2026-03-15,Organic/Direct,US
652,2026-07-22,Google,UK
653,2026-05-29,Google,US
654,2026-05-06,Organic/Direct,US
655,2026-05-21,Meta,US
656,2026-06-15,Google,US
657,2026-07-18,Google,US
658,2026-05-11,Google,UK
659,2026-07-08,Meta,EU
660,2026-06-05,Meta,US
661,2026-06-28,Google,CA
662,2026-05-04,Google,US
663,2026-04-20,Meta,US
664,2026-02-06,Meta,CA
665,2026-05-25,Meta,US
666,2026-04-12,Meta,US
667,2026-04-14,Google,CA
668,2026-07-01,TikTok,EU
669,2026-06-10,Organic/Direct,US
670,2026-07-24,Organic/Direct,US
671,2026-04-13,Meta,UK
672,2026-05-07,Google,UK
673,2026-05-06,Google,US
674,2026-07-25,Affiliate,CA
675,2026-07-27,Google,US
676,2026-01-13,Meta,US
677,2026-01-06,Organic/Direct,US
678,2026-03-18,TikTok,AU
679,2026-07-13,Meta,US
680,2026-06-11,Organic/Direct,CA
681,2026-07-14,Affiliate,EU
682,2026-05-09,Organic/Direct,US
683,2026-03-09,Meta,US
684,2026-03-25,Organic/Direct,CA
685,2026-07-26,Google,US
686,2026-07-27,TikTok,AU
687,2026-07-07,Meta,US
688,2026-03-30,Meta,UK
689,2026-03-17,TikTok,EU
690,2026-07-25,Google,EU
691,2026-07-27,Meta,US
692,2026-07-22,Organic/Direct,US
693,2026-06-08,Organic/Direct,US
694,2026-07-02,Meta,EU
695,2026-03-28,Affiliate,US
696,2026-06-27,Google,AU
697,2026-05-22,Meta,US
698,2026-02-11,TikTok,US
699,2026-05-20,Google,US
700,2026-05-16,Affiliate,US
701,2026-05-10,Affiliate,CA
702,2026-06-10,TikTok,US
703,2026-05-22,TikTok,US
704,2026-01-30,Meta,US
705,2026-05-04,Affiliate,US
706,2026-02-27,Organic/Direct,US
707,2026-07-29,Affiliate,UK
708,2026-05-19,Google,US
709,2026-05-20,Meta,US
710,2026-07-28,Google,US
711,2026-07-22,Google,UK
712,2026-04-26,Meta,US
713,2026-06-06,Google,US
714,2026-01-14,Meta,CA
715,2026-06-16,Google,US
716,2026-04-06,Google,EU
717,2026-05-26,Meta,CA
718,2026-05-25,Affiliate,US
719,2026-06-19,Google,US
720,2026-05-11,Meta,US
721,2026-05-20,Meta,CA
722,2026-06-08,Meta,UK
723,2026-03-07,TikTok,CA
724,2026-05-16,TikTok,US
725,2026-01-27,Google,US
726,2026-07-16,Google,AU
727,2026-05-26,Meta,AU
728,2026-06-28,Google,AU
729,2026-07-08,TikTok,UK
730,2026-03-15,TikTok,US
731,2026-07-29,Organic/Direct,CA
732,2026-03-16,Google,EU
733,2026-05-20,Organic/Direct,UK
734,2026-07-12,Meta,AU
735,2026-07-21,Meta,US
736,2026-05-14,Meta,US
737,2026-05-23,Affiliate,CA
738,2026-06-16,Google,US
739,2026-05-16,Meta,US
740,2026-07-03,Organic/Direct,AU
741,2026-06-08,Meta,US
742,2026-06-04,Meta,US
743,2026-05-11,Google,US
744,2026-01-27,Google,UK
745,2026-05-14,Google,AU
746,2026-06-25,Meta,US
747,2026-04-20,Meta,US
748,2026-07-07,Meta,CA
749,2026-07-15,TikTok,EU
750,2026-04-11,Meta,UK
751,2026-07-05,Meta,UK
752,2026-06-14,Meta,US
753,2026-07-21,Google,US
754,2026-06-01,Meta,US
755,2026-07-07,Meta,UK
756,2026-05-15,TikTok,US
757,2026-06-09,Meta,AU
758,2026-04-05,Meta,US
759,2026-02-01,Meta,CA
760,2026-05-30,Google,US
761,2026-01-08,Google,EU
762,2026-05-26,Google,US
763,2026-07-13,Meta,CA
764,2026-03-05,Meta,US
765,2026-07-14,TikTok,US
766,2026-04-10,Meta,US
767,2026-06-20,Google,AU
768,2026-07-27,TikTok,US
769,2026-03-18,Meta,CA
770,2026-04-10,Google,EU
771,2026-06-28,TikTok,US
772,2026-07-19,Affiliate,US
773,2026-04-09,Meta,US
774,2026-06-16,Google,US
775,2026-07-30,Organic/Direct,CA
776,2026-06-08,Google,US
777,2026-06-24,Google,US
778,2026-04-21,Meta,US
779,2026-06-20,Organic/Direct,UK
780,2026-04-02,Google,US
781,2026-02-20,Affiliate,US
782,2026-04-30,Meta,US
783,2026-05-29,Meta,AU
784,2026-05-15,TikTok,US
785,2026-07-30,Affiliate,US
786,2026-06-28,TikTok,UK
787,2026-05-26,Organic/Direct,US
788,2026-04-26,Meta,UK
789,2026-06-07,Meta,US
790,2026-07-01,TikTok,US
791,2026-07-21,Organic/Direct,AU
792,2026-06-20,Meta,US
793,2026-07-16,Google,AU
794,2026-05-09,Google,US
795,2026-03-14,Meta,UK
796,2026-06-10,Google,US
797,2026-04-04,Meta,UK
798,2026-06-03,Google,AU
799,2026-03-23,Organic/Direct,US
800,2026-07-29,Affiliate,EU
801,2026-03-21,Affiliate,US
802,2026-03-01,Meta,EU
803,2026-04-29,Meta,US
804,2026-04-07,TikTok,US
805,2026-03-25,TikTok,CA
806,2026-03-17,Google,US
807,2026-05-19,Google,US
808,2026-06-04,TikTok,EU
809,2026-07-19,TikTok,US
810,2026-01-29,Meta,UK
811,2026-04-11,Affiliate,US
812,2026-03-09,Google,US
813,2026-01-14,Meta,UK
814,2026-06-12,Meta,AU
815,2026-07-30,Meta,AU
816,2026-05-07,Meta,EU
817,2026-07-22,Google,US
818,2026-06-29,Meta,UK
819,2026-06-12,Meta,US
820,2026-06-20,Meta,AU
821,2026-04-17,Google,US
822,2026-07-30,TikTok,UK
823,2026-01-30,TikTok,US
824,2026-05-11,Google,US
825,2026-03-24,TikTok,UK
826,2026-04-26,TikTok,UK
827,2026-04-20,Google,US
828,2026-07-12,Meta,UK
829,2026-03-14,Meta,US
830,2026-04-05,Meta,US
831,2026-06-02,Meta,UK
832,2026-04-25,Meta,US
833,2026-04-07,Organic/Direct,US
834,2026-01-12,TikTok,AU
835,2026-07-12,TikTok,US
836,2026-03-05,Google,UK
837,2026-03-09,Meta,US
838,2026-07-29,Meta,US
839,2026-03-08,Meta,US
840,2026-04-24,Affiliate,US
841,2026-07-01,Meta,CA
842,2026-02-15,TikTok,US
843,2026-05-07,Google,UK
844,2026-07-17,Meta,CA
845,2026-04-01,Google,EU
846,2026-04-21,Google,AU
847,2026-07-08,Google,CA
848,2026-03-12,TikTok,US
849,2026-07-24,Meta,US
850,2026-06-12,Affiliate,UK
851,2026-03-31,Meta,US
852,2026-02-05,Affiliate,EU
853,2026-03-18,Organic/Direct,US
854,2026-05-16,Meta,US
855,2026-04-29,TikTok,UK
856,2026-07-04,Google,US
857,2026-07-28,TikTok,US
858,2026-06-02,TikTok,US
859,2026-06-21,Meta,US
860,2026-06-23,Google,CA
861,2026-06-07,Organic/Direct,US
862,2026-06-19,Meta,CA
863,2026-07-14,Affiliate,US
864,2026-05-28,Meta,EU
865,2026-01-18,Meta,CA
866,2026-03-01,Google,US
867,2026-03-04,Google,US
868,2026-07-28,TikTok,US
869,2026-05-15,Meta,US
870,2026-07-11,TikTok,EU
871,2026-06-18,Affiliate,US
872,2026-06-20,Google,US
873,2026-07-11,Affiliate,CA
874,2026-05-02,TikTok,US
875,2026-06-28,Meta,US
876,2026-03-07,Google,US
877,2026-05-06,Google,CA
878,2026-06-06,Meta,US
879,2026-07-19,Google,CA
880,2026-07-01,Google,US
881,2026-04-04,Meta,AU
882,2026-04-08,Affiliate,US
883,2026-05-03,TikTok,US
884,2026-06-17,TikTok,US
885,2026-07-19,Google,US
886,2026-05-30,Organic/Direct,US
887,2026-07-01,Google,US
888,2026-06-11,Organic/Direct,CA
889,2026-07-21,TikTok,US
890,2026-07-10,Meta,UK
891,2026-06-14,Meta,AU
892,2026-05-17,Google,UK
893,2026-04-16,Google,US
894,2026-04-25,Affiliate,US
895,2026-06-13,Affiliate,US
896,2026-07-13,Google,US
897,2026-07-01,Google,US
898,2026-04-07,TikTok,UK
899,2026-07-22,Meta,UK
900,2026-07-28,Meta,US
901,2026-06-18,TikTok,CA
902,2026-06-08,Google,EU
903,2026-06-27,TikTok,AU
904,2026-06-04,Affiliate,US
905,2026-01-24,Meta,US
906,2026-01-31,TikTok,US
907,2026-04-23,Meta,CA
908,2026-06-25,Meta,CA
909,2026-02-07,Meta,AU
910,2026-07-01,Affiliate,UK
911,2026-06-08,Meta,CA
912,2026-07-08,Meta,UK
913,2026-07-23,Google,EU
914,2026-07-28,Meta,US
915,2026-01-25,Meta,UK
916,2026-07-06,Affiliate,CA
917,2026-07-21,TikTok,UK
918,2026-07-03,Google,US
919,2026-07-05,Organic/Direct,US
920,2026-03-30,TikTok,US
921,2026-03-29,Google,US
922,2026-05-19,Google,US
923,2026-06-11,Meta,US
924,2026-06-27,Meta,US
925,2026-04-30,Meta,EU
926,2026-06-15,TikTok,US
927,2026-06-09,Meta,CA
928,2026-04-29,Meta,US
929,2026-02-25,Google,US
930,2026-03-05,Meta,US
931,2026-05-02,Meta,US
932,2026-07-03,Google,EU
933,2026-07-11,Organic/Direct,US
934,2026-06-22,Google,AU
935,2026-06-15,Google,EU
936,2026-06-24,Meta,AU
937,2026-07-25,Google,US
938,2026-04-23,Organic/Direct,CA
939,2026-05-10,Affiliate,US
940,2026-02-14,Meta,US
941,2026-07-25,Meta,EU
942,2026-06-04,Meta,US
943,2026-06-22,TikTok,AU
944,2026-05-18,Meta,US
945,2026-06-26,Organic/Direct,CA
946,2026-06-19,Organic/Direct,UK
947,2026-03-24,Google,US
948,2026-03-04,Meta,CA
949,2026-06-07,Google,US
950,2026-04-18,Google,UK
951,2026-05-19,Meta,UK
952,2026-06-04,Google,US
953,2026-07-03,Google,UK
954,2026-02-26,Meta,CA
955,2026-04-26,Meta,CA
956,2026-05-20,Google,UK
957,2026-05-26,Google,US
958,2026-05-12,TikTok,US
959,2026-07-26,Meta,UK
960,2026-07-21,TikTok,UK
961,2026-05-09,Organic/Direct,US
962,2026-06-07,Meta,US
963,2026-06-12,Google,EU
964,2026-04-27,TikTok,AU
965,2026-05-04,Google,UK
966,2026-06-01,Meta,US
967,2026-07-12,Meta,US
968,2026-07-08,Affiliate,AU
969,2026-07-23,Organic/Direct,US
970,2026-06-06,Meta,US
971,2026-03-08,TikTok,US
972,2026-05-02,Meta,UK
973,2026-03-08,Google,AU
974,2026-04-29,Google,US
975,2026-04-27,Google,US
976,2026-05-08,Meta,US
977,2026-01-15,Meta,US
978,2026-07-01,Google,CA
979,2026-03-19,TikTok,AU
980,2026-05-24,Meta,US
981,2026-06-06,Meta,US
982,2026-07-13,Affiliate,US
983,2026-06-04,Meta,AU
984,2026-02-18,Affiliate,UK
985,2026-07-10,Google,CA
986,2026-04-08,Meta,US
987,2026-07-19,Google,UK
988,2026-03-23,Google,AU
989,2026-06-12,Affiliate,US
990,2026-05-30,Meta,US
991,2026-01-22,Meta,EU
992,2026-07-29,TikTok,CA
993,2026-03-21,Meta,US
994,2026-06-08,Affiliate,US
995,2026-06-30,Organic/Direct,US
996,2026-07-04,Meta,US
997,2026-04-13,TikTok,US
998,2026-07-07,Google,AU
999,2026-07-18,Meta,UK
1000,2026-03-09,Organic/Direct,UK
1001,2026-04-21,TikTok,US
1002,2026-06-09,Meta,US
1003,2026-06-11,Affiliate,US
1004,2026-04-16,Organic/Direct,US
1005,2026-05-15,Affiliate,US
1006,2026-07-07,Affiliate,US
1007,2026-07-18,Google,US
1008,2026-06-01,Meta,US
1009,2026-03-25,Google,CA
1010,2026-06-21,Google,US
1011,2026-03-13,TikTok,US
1012,2026-06-12,Google,US
1013,2026-04-15,Meta,US
1014,2026-03-19,Google,AU
1015,2026-03-22,Meta,AU
1016,2026-06-01,Google,EU
1017,2026-06-18,Affiliate,UK
1018,2026-07-11,Organic/Direct,US
1019,2026-06-14,Google,US
1020,2026-04-09,Google,US
1021,2026-06-11,TikTok,UK
1022,2026-05-31,Meta,UK
1023,2026-07-22,Google,US
1024,2026-05-10,Meta,US
1025,2026-06-02,Organic/Direct,UK
1026,2026-07-11,Google,US
1027,2026-07-20,Google,AU
1028,2026-06-03,TikTok,US
1029,2026-06-21,Organic/Direct,US
1030,2026-01-08,Organic/Direct,UK
1031,2026-05-19,Google,AU
1032,2026-06-26,Google,EU
1033,2026-05-27,TikTok,US
1034,2026-07-09,Organic/Direct,CA
1035,2026-06-10,Google,US
1036,2026-07-04,Organic/Direct,US
1037,2026-06-13,Google,US
1038,2026-01-16,TikTok,US
1039,2026-06-02,Google,US
1040,2026-04-06,Affiliate,US
1041,2026-03-10,Google,US
1042,2026-04-18,Google,US
1043,2026-06-15,Organic/Direct,US
1044,2026-04-06,Google,US
1045,2026-03-31,Google,US
1046,2026-07-29,Google,CA
1047,2026-05-14,Meta,AU
1048,2026-03-14,Meta,CA
1049,2026-07-25,Meta,US
1050,2026-07-07,Affiliate,US
1051,2026-06-24,Meta,US
1052,2026-06-18,Affiliate,CA
1053,2026-05-25,Google,US
1054,2026-04-19,Meta,US
1055,2026-06-29,Organic/Direct,US
1056,2026-06-20,Meta,EU
1057,2026-02-20,Meta,US
1058,2026-01-22,Affiliate,EU
1059,2026-06-01,Meta,CA
1060,2026-05-31,TikTok,US
1061,2026-06-23,Meta,UK
1062,2026-07-28,Meta,US
1063,2026-05-14,TikTok,US
1064,2026-04-05,Meta,UK
1065,2026-07-22,Google,UK
1066,2026-06-07,Google,US
1067,2026-07-10,Meta,EU
1068,2026-05-23,Google,US
1069,2026-03-30,Google,US
1070,2026-05-30,Meta,US
1071,2026-06-01,Meta,US
1072,2026-07-07,Meta,US
1073,2026-05-10,Google,US
1074,2026-05-03,TikTok,UK
1075,2026-07-19,Affiliate,US
1076,2026-04-18,Google,CA
1077,2026-04-10,TikTok,CA
1078,2026-05-16,Meta,US
1079,2026-06-26,Meta,US
1080,2026-05-14,TikTok,US
1081,2026-06-07,Meta,US
1082,2026-04-09,Google,US
1083,2026-07-02,Organic/Direct,US
1084,2026-07-01,Meta,US
1085,2026-04-19,Meta,CA
1086,2026-07-12,Meta,CA
1087,2026-03-15,Meta,EU
1088,2026-05-29,Meta,AU
1089,2026-07-26,Affiliate,US
1090,2026-04-29,Affiliate,AU
1091,2026-06-09,Meta,US
1092,2026-07-04,Google,US
1093,2026-07-02,Meta,US
1094,2026-05-18,Organic/Direct,US
1095,2026-05-05,Affiliate,CA
1096,2026-05-23,Meta,US
1097,2026-04-29,Meta,UK
1098,2026-05-10,Meta,US
1099,2026-07-15,Meta,US
1100,2026-04-20,Organic/Direct,US
1101,2026-04-01,Google,US
1102,2026-07-02,Meta,US
1103,2026-05-22,Google,EU
1104,2026-06-24,Affiliate,UK
1105,2026-07-09,Google,AU
1106,2026-04-04,Affiliate,UK
1107,2026-05-26,Meta,US
1108,2026-03-19,Affiliate,UK
1109,2026-06-04,Meta,US
1110,2026-04-16,Affiliate,US
1111,2026-03-08,Meta,US
1112,2026-04-17,Affiliate,US
1113,2026-07-02,Meta,US
1114,2026-06-07,Affiliate,US
1115,2026-05-16,Meta,UK
1116,2026-06-14,Google,UK
1117,2026-06-04,Organic/Direct,US
1118,2026-05-01,Google,CA
1119,2026-05-22,Meta,US
1120,2026-05-24,Organic/Direct,AU
1121,2026-06-18,Organic/Direct,US
1122,2026-06-15,Google,AU
1123,2026-03-01,Meta,US
1124,2026-06-20,TikTok,US
1125,2026-05-13,Affiliate,CA
1126,2026-07-24,TikTok,US
1127,2026-05-22,Meta,AU
1128,2026-03-16,Meta,US
1129,2026-07-01,TikTok,US
1130,2026-05-13,Meta,EU
1131,2026-05-26,Meta,CA
1132,2026-06-02,Organic/Direct,US
1133,2026-06-15,Meta,EU
1134,2026-05-12,Meta,UK
1135,2026-05-21,Meta,US
1136,2026-03-29,Meta,US
1137,2026-07-21,Affiliate,US
1138,2026-07-16,Organic/Direct,US
1139,2026-03-19,Organic/Direct,US
1140,2026-06-12,Google,UK
1141,2026-07-17,Google,UK
1142,2026-06-04,Organic/Direct,US
1143,2026-04-11,Meta,US
1144,2026-05-16,Meta,US
1145,2026-06-02,TikTok,US
1146,2026-04-23,Google,UK
1147,2026-05-28,TikTok,US
1148,2026-07-04,TikTok,US
1149,2026-07-08,Google,US
1150,2026-07-18,Google,US
1151,2026-06-28,Google,CA
1152,2026-04-10,Meta,UK
1153,2026-06-01,TikTok,US
1154,2026-06-25,Meta,UK
1155,2026-06-03,Meta,US
1156,2026-02-12,Google,US
1157,2026-04-21,Google,US
1158,2026-01-30,Meta,US
1159,2026-04-01,Meta,US
1160,2026-06-28,TikTok,US
1161,2026-03-23,Google,US
1162,2026-04-28,TikTok,EU
1163,2026-05-24,TikTok,US
1164,2026-07-13,Organic/Direct,US
1165,2026-07-05,Meta,US
1166,2026-04-03,Affiliate,CA
1167,2026-07-12,Meta,CA
1168,2026-04-16,TikTok,US
1169,2026-07-01,Meta,US
1170,2026-07-05,Google,EU
1171,2026-05-26,TikTok,US
1172,2026-04-30,Google,US
1173,2026-07-24,Google,US
1174,2026-06-18,Meta,AU
1175,2026-07-16,Meta,US
1176,2026-06-17,Meta,US
1177,2026-04-21,Meta,CA
1178,2026-01-20,Meta,CA
1179,2026-05-26,Google,US
1180,2026-03-05,Meta,US
1181,2026-06-15,Organic/Direct,EU
1182,2026-06-16,Meta,UK
1183,2026-06-26,TikTok,US
1184,2026-04-12,Organic/Direct,CA
1185,2026-07-03,Affiliate,US
1186,2026-04-03,TikTok,US
1187,2026-03-19,Affiliate,US
1188,2026-05-20,Meta,UK
1189,2026-04-02,Meta,US
1190,2026-06-30,Meta,CA
1191,2026-07-21,Google,US
1192,2026-03-25,Meta,US
1193,2026-05-08,Meta,UK
1194,2026-05-10,Meta,US
1195,2026-07-15,TikTok,US
1196,2026-06-29,Google,US
1197,2026-05-12,Google,US
1198,2026-06-06,Google,US
1199,2026-06-18,Meta,US
1200,2026-02-24,Meta,AU
1201,2026-04-05,Google,US
1202,2026-06-09,Affiliate,UK
1203,2026-06-03,TikTok,US
1204,2026-05-08,Google,US
1205,2026-07-23,Meta,US
1206,2026-07-19,Meta,CA
1207,2026-02-21,Organic/Direct,US
1208,2026-05-09,TikTok,CA
1209,2026-04-19,Meta,US
1210,2026-04-27,Organic/Direct,EU
1211,2026-03-07,TikTok,US
1212,2026-04-02,Google,US
1213,2026-06-16,Meta,UK
1214,2026-05-16,Meta,UK
1215,2026-05-07,Google,UK
1216,2026-07-18,Meta,US
1217,2026-05-14,Meta,US
1218,2026-07-30,Google,US
1219,2026-04-29,Organic/Direct,US
1220,2026-05-09,TikTok,US
1221,2026-06-29,Google,US
1222,2026-04-08,TikTok,AU
1223,2026-04-17,Organic/Direct,US
1224,2026-05-13,TikTok,EU
1225,2026-06-12,Google,EU
1226,2026-04-26,Meta,US
1227,2026-07-15,Meta,CA
1228,2026-06-25,Meta,US
1229,2026-06-07,Organic/Direct,US
1230,2026-01-27,Meta,AU
1231,2026-04-16,Meta,US
1232,2026-06-09,Google,US
1233,2026-02-03,Meta,CA
1234,2026-06-25,Google,AU
1235,2026-06-12,Meta,UK
1236,2026-06-10,Meta,US
1237,2026-07-05,Meta,CA
1238,2026-05-17,Affiliate,AU
1239,2026-04-11,Google,US
1240,2026-01-23,TikTok,US
1241,2026-04-27,Meta,US
1242,2026-03-23,Google,US
1243,2026-02-17,Google,US
1244,2026-06-12,Google,US
1245,2026-04-24,Google,US
1246,2026-03-02,Google,US
1247,2026-05-14,Meta,US
1248,2026-07-05,Meta,US
1249,2026-06-07,Google,UK
1250,2026-04-04,Google,UK
1251,2026-04-15,Meta,CA
1252,2026-04-30,Organic/Direct,US
1253,2026-06-22,Google,US
1254,2026-04-30,Google,US
1255,2026-04-27,Organic/Direct,US
1256,2026-07-29,Google,US
1257,2026-02-14,Meta,US
1258,2026-07-03,Affiliate,US
1259,2026-02-19,Organic/Direct,AU
1260,2026-07-11,Meta,UK
1261,2026-03-12,Google,US
1262,2026-04-07,Google,US
1263,2026-06-02,Meta,US
1264,2026-06-30,Meta,UK
1265,2026-01-29,Google,UK
1266,2026-01-25,Meta,UK
1267,2026-04-20,Google,EU
1268,2026-02-24,TikTok,AU
1269,2026-05-07,Meta,US
1270,2026-07-18,Google,EU
1271,2026-05-31,TikTok,AU
1272,2026-05-27,Google,US
1273,2026-04-05,Organic/Direct,US
1274,2026-06-28,Meta,AU
1275,2026-04-27,Google,UK
1276,2026-01-29,TikTok,US
1277,2026-04-27,Organic/Direct,EU
1278,2026-04-21,Meta,US
1279,2026-05-12,Organic/Direct,EU
1280,2026-07-25,Organic/Direct,US
1281,2026-05-04,Google,US
1282,2026-06-30,Google,UK
1283,2026-07-17,TikTok,US
1284,2026-06-09,Google,US
1285,2026-06-14,Google,US
1286,2026-06-20,Google,UK
1287,2026-04-05,Meta,UK
1288,2026-07-20,Organic/Direct,US
1289,2026-07-21,TikTok,UK
1290,2026-06-08,Meta,US
1291,2026-06-04,TikTok,US
1292,2026-07-13,Meta,US
1293,2026-04-30,Organic/Direct,EU
1294,2026-04-27,TikTok,CA
1295,2026-06-18,TikTok,US
1296,2026-04-02,Meta,US
1297,2026-07-29,Google,US
1298,2026-06-15,Google,US
1299,2026-01-01,Google,US
1300,2026-06-14,TikTok,US
1301,2026-07-14,Google,US
1302,2026-04-03,Meta,CA
1303,2026-01-26,Meta,US
1304,2026-07-01,Organic/Direct,CA
1305,2026-02-24,Organic/Direct,AU
1306,2026-05-28,Meta,US
1307,2026-04-15,Google,US
1308,2026-06-30,Google,US
1309,2026-06-14,TikTok,US
1310,2026-06-02,Affiliate,CA
1311,2026-06-02,Google,CA
1312,2026-02-13,Google,US
1313,2026-06-30,Google,US
1314,2026-06-17,Meta,US
1315,2026-05-14,Meta,CA
1316,2026-05-24,Google,US
1317,2026-02-19,Meta,CA
1318,2026-05-22,TikTok,US
1319,2026-07-06,Organic/Direct,UK
1320,2026-03-19,Google,US
1321,2026-03-31,Google,UK
1322,2026-04-05,Google,US
1323,2026-06-25,Organic/Direct,CA
1324,2026-06-28,Meta,US
1325,2026-05-22,Meta,US
1326,2026-05-11,TikTok,US
1327,2026-07-25,Meta,US
1328,2026-07-04,Organic/Direct,US
1329,2026-06-21,Meta,AU
1330,2026-03-31,TikTok,US
1331,2026-04-28,TikTok,US
1332,2026-06-17,Meta,US
1333,2026-04-06,Google,US
1334,2026-05-23,Affiliate,US
1335,2026-01-17,Affiliate,US
1336,2026-06-11,Google,US
1337,2026-03-01,Google,US
1338,2026-06-06,Google,US
1339,2026-07-11,Meta,US
1340,2026-06-20,Meta,AU
1341,2026-06-22,Affiliate,US
1342,2026-07-22,Meta,US
1343,2026-03-31,TikTok,US
1344,2026-06-25,Google,CA
1345,2026-03-30,Google,US
1346,2026-07-23,Meta,US
1347,2026-05-09,Meta,US
1348,2026-05-18,Google,US
1349,2026-03-19,TikTok,US
1350,2026-06-03,Google,UK
1351,2026-06-15,Meta,UK
1352,2026-06-17,Organic/Direct,US
1353,2026-06-25,Organic/Direct,EU
1354,2026-04-24,Google,US
1355,2026-06-02,Organic/Direct,US
1356,2026-03-17,Google,US
1357,2026-06-17,Google,US
1358,2026-06-14,TikTok,EU
1359,2026-01-09,Meta,UK
1360,2026-03-14,Affiliate,CA
1361,2026-07-30,Google,US
1362,2026-06-07,Google,US
1363,2026-04-05,Meta,CA
1364,2026-04-28,Google,US
1365,2026-01-17,TikTok,US
1366,2026-06-29,Google,US
1367,2026-03-30,Meta,US
1368,2026-06-23,Organic/Direct,CA
1369,2026-06-19,Google,UK
1370,2026-07-19,Google,US
1371,2026-07-06,Google,UK
1372,2026-07-12,Meta,UK
1373,2026-04-29,Google,US
1374,2026-06-24,TikTok,AU
1375,2026-05-06,Organic/Direct,US
1376,2026-02-07,Google,CA
1377,2026-06-09,Google,US
1378,2026-07-16,TikTok,UK
1379,2026-04-29,Meta,US
1380,2026-05-29,Meta,US
1381,2026-07-25,Meta,US
1382,2026-03-12,TikTok,CA
1383,2026-07-21,Google,US
1384,2026-05-27,Google,US
1385,2026-07-22,TikTok,US
1386,2026-07-05,Meta,AU
1387,2026-07-11,Organic/Direct,UK
1388,2026-03-18,TikTok,US
1389,2026-06-28,Google,US
1390,2026-07-23,TikTok,US
1391,2026-03-04,Google,US
1392,2026-06-02,Google,US
1393,2026-06-10,Meta,AU
1394,2026-04-30,Meta,US
1395,2026-04-30,Google,US
1396,2026-03-23,Meta,US
1397,2026-06-16,Google,US
1398,2026-05-05,Meta,US
1399,2026-06-27,Meta,US
1400,2026-02-26,Meta,US
1401,2026-03-18,Google,UK
1402,2026-03-10,Meta,US
1403,2026-03-31,Google,US
1404,2026-07-12,TikTok,US
1405,2026-04-28,Affiliate,UK
1406,2026-06-22,Google,EU
1407,2026-07-03,Google,US
1408,2026-07-10,Organic/Direct,US
1409,2026-05-23,TikTok,UK
1410,2026-05-24,Meta,US
1411,2026-07-15,Google,AU
1412,2026-05-13,TikTok,UK
1413,2026-07-07,Affiliate,US
1414,2026-02-06,Meta,US
1415,2026-03-29,TikTok,US
1416,2026-03-17,Meta,CA
1417,2026-07-08,Meta,UK
1418,2026-07-07,Google,US
1419,2026-05-16,Google,US
1420,2026-07-28,Google,US
1421,2026-07-10,Google,CA
1422,2026-05-20,TikTok,US
1423,2026-04-13,TikTok,US
1424,2026-07-23,Google,US
1425,2026-06-12,Google,US
1426,2026-07-11,Meta,EU
1427,2026-01-20,Google,CA
1428,2026-05-01,Google,US
1429,2026-04-09,Meta,US
1430,2026-07-03,Affiliate,CA
1431,2026-06-21,Google,US
1432,2026-06-15,Google,US
1433,2026-07-17,Meta,CA
1434,2026-06-23,Organic/Direct,EU
1435,2026-06-28,Organic/Direct,EU
1436,2026-06-11,Google,US
1437,2026-07-14,Affiliate,US
1438,2026-07-20,Organic/Direct,US
1439,2026-06-07,Organic/Direct,US
1440,2026-04-23,Meta,US
1441,2026-06-12,Google,UK
1442,2026-05-15,Google,US
1443,2026-03-29,Meta,US
1444,2026-07-13,Meta,US
1445,2026-04-24,Affiliate,US
1446,2026-01-23,Google,US
1447,2026-07-18,Google,EU
1448,2026-03-19,Meta,CA
1449,2026-07-15,Affiliate,UK
1450,2026-07-23,Google,US
1451,2026-05-18,Affiliate,US
1452,2026-04-11,Google,US
1453,2026-05-29,TikTok,UK
1454,2026-04-20,Organic/Direct,US
1455,2026-01-14,TikTok,US
1456,2026-05-27,TikTok,US
1457,2026-06-30,Organic/Direct,EU
1458,2026-07-06,Google,US
1459,2026-07-19,Meta,US
1460,2026-07-01,Organic/Direct,US
1461,2026-06-17,TikTok,US
1462,2026-01-15,Meta,US
1463,2026-07-20,Google,US
1464,2026-05-06,Organic/Direct,US
1465,2026-03-28,TikTok,US
1466,2026-04-27,TikTok,US
1467,2026-06-17,Google,US
1468,2026-06-20,Meta,UK
1469,2026-02-04,Meta,US
1470,2026-07-06,Meta,US
1471,2026-04-21,Meta,UK
1472,2026-06-13,Organic/Direct,UK
1473,2026-06-21,Meta,US
1474,2026-07-06,Meta,US
1475,2026-06-03,Meta,EU
1476,2026-07-27,Google,CA
1477,2026-07-13,TikTok,US
1478,2026-05-11,TikTok,UK
1479,2026-03-28,Google,CA
1480,2026-01-14,Meta,US
1481,2026-05-14,Meta,UK
1482,2026-07-03,Google,US
1483,2026-06-27,Google,US
1484,2026-07-16,Meta,AU
1485,2026-05-22,TikTok,EU
1486,2026-06-24,Meta,AU
1487,2026-06-18,Organic/Direct,US
1488,2026-07-22,Affiliate,US
1489,2026-04-20,Meta,UK
1490,2026-05-12,TikTok,UK
1491,2026-06-30,Google,US
1492,2026-05-03,TikTok,US
1493,2026-06-06,TikTok,CA
1494,2026-01-24,Meta,US
1495,2026-05-21,Meta,US
1496,2026-04-03,Meta,US
1497,2026-07-24,Google,CA
1498,2026-07-25,Google,UK
1499,2026-03-15,Affiliate,US
1500,2026-06-20,Affiliate,US
1501,2026-07-27,Affiliate,UK
1502,2026-04-17,Google,EU
1503,2026-06-18,Organic/Direct,US
1504,2026-05-18,Organic/Direct,CA
1505,2026-04-30,Meta,US
1506,2026-07-06,Google,US
1507,2026-02-21,Meta,US
1508,2026-05-28,Organic/Direct,US
1509,2026-03-31,Google,US
1510,2026-07-04,Meta,UK
1511,2026-07-21,TikTok,US
1512,2026-02-26,Meta,US
1513,2026-07-19,Meta,UK
1514,2026-07-23,TikTok,US
1515,2026-06-26,Organic/Direct,US
1516,2026-06-01,Organic/Direct,US
1517,2026-05-20,Affiliate,CA
1518,2026-07-06,Google,US
1519,2026-07-26,Affiliate,US
1520,2026-06-08,Organic/Direct,US
1521,2026-06-24,Google,UK
1522,2026-07-26,Meta,US
1523,2026-07-26,Meta,US
1524,2026-07-04,Google,US
1525,2026-01-26,Meta,US
1526,2026-03-10,TikTok,US
1527,2026-07-18,Google,US
1528,2026-01-12,Meta,US
1529,2026-07-07,Google,US
1530,2026-07-27,Affiliate,EU
1531,2026-01-28,Meta,US
1532,2026-06-29,Google,US
1533,2026-06-20,Google,EU
1534,2026-07-16,Google,UK
1535,2026-04-12,Meta,UK
1536,2026-05-28,Meta,AU
1537,2026-06-15,Meta,UK
1538,2026-01-26,Google,AU
1539,2026-07-11,Meta,US
1540,2026-07-12,Meta,CA
1541,2026-03-13,Google,US
1542,2026-02-03,Affiliate,EU
1543,2026-06-23,Meta,EU
1544,2026-06-10,Meta,CA
1545,2026-07-07,TikTok,US
1546,2026-05-03,Meta,US
1547,2026-05-16,TikTok,US
1548,2026-05-20,Organic/Direct,US
1549,2026-03-08,Affiliate,US
1550,2026-07-06,Meta,US
1551,2026-01-17,Meta,US
1552,2026-06-20,Affiliate,US
1553,2026-07-09,TikTok,UK
1554,2026-04-06,Google,US
1555,2026-05-16,Organic/Direct,US
1556,2026-01-16,Google,US
1557,2026-07-11,Meta,US
1558,2026-06-07,Meta,EU
1559,2026-07-28,Google,AU
1560,2026-07-29,Google,US
1561,2026-06-17,Meta,US
1562,2026-03-12,Meta,CA
1563,2026-07-21,Google,US
1564,2026-07-22,Meta,US
1565,2026-04-07,Meta,US
1566,2026-07-19,Google,US
1567,2026-02-18,Meta,US
1568,2026-06-01,Meta,US
1569,2026-05-21,Google,US
1570,2026-07-02,Affiliate,US
1571,2026-03-12,Meta,US
1572,2026-05-16,Meta,AU
1573,2026-02-27,Meta,US
1574,2026-04-09,Google,US
1575,2026-05-09,Google,US
1576,2026-05-07,Meta,US
1577,2026-02-07,Meta,US
1578,2026-05-24,Google,CA
1579,2026-04-09,Meta,US
1580,2026-07-08,Organic/Direct,AU
1581,2026-06-10,Google,US
1582,2026-05-16,Google,AU
1583,2026-04-09,Google,US
1584,2026-01-26,Google,AU
1585,2026-04-16,Google,US
1586,2026-07-23,Organic/Direct,AU
1587,2026-07-19,Google,US
1588,2026-07-30,TikTok,US
1589,2026-05-18,Google,CA
1590,2026-06-26,Meta,US
1591,2026-03-02,TikTok,UK
1592,2026-05-15,Meta,US
1593,2026-04-14,Organic/Direct,US
1594,2026-06-22,Meta,US
1595,2026-06-09,Google,EU
1596,2026-05-24,Meta,UK
1597,2026-04-01,Affiliate,UK
1598,2026-06-27,Meta,UK
1599,2026-05-11,TikTok,US
1600,2026-04-25,TikTok,UK
1601,2026-06-15,Google,US
1602,2026-06-24,Google,US
1603,2026-07-23,Google,AU
1604,2026-05-08,Meta,US
1605,2026-05-24,Meta,US
1606,2026-06-19,TikTok,US
1607,2026-07-05,Meta,US
1608,2026-06-05,Google,UK
1609,2026-07-03,Affiliate,UK
1610,2026-07-03,TikTok,US
1611,2026-07-19,Google,US
1612,2026-01-26,Google,US
1613,2026-03-15,TikTok,UK
1614,2026-06-04,Meta,UK
1615,2026-07-08,Organic/Direct,CA
1616,2026-07-24,Meta,AU
1617,2026-05-23,Meta,AU
1618,2026-04-24,Organic/Direct,US
1619,2026-04-21,TikTok,US
1620,2026-07-17,Google,UK
1621,2026-04-25,Organic/Direct,US
1622,2026-03-18,Meta,US
1623,2026-06-19,Meta,US
1624,2026-07-17,Meta,EU
1625,2026-06-19,Google,US
1626,2026-06-19,Meta,US
1627,2026-06-26,Affiliate,US
1628,2026-04-27,Meta,CA
1629,2026-03-29,Meta,US
1630,2026-07-27,TikTok,US
1631,2026-05-06,Google,US
1632,2026-07-22,TikTok,US
1633,2026-07-28,Affiliate,UK
1634,2026-06-22,Meta,US
1635,2026-01-29,Google,US
1636,2026-04-06,TikTok,UK
1637,2026-07-28,Meta,US
1638,2026-07-28,Google,US
1639,2026-02-03,TikTok,EU
1640,2026-07-23,Meta,EU
1641,2026-06-05,Google,UK
1642,2026-04-25,Affiliate,EU
1643,2026-07-03,Organic/Direct,UK
1644,2026-07-08,TikTok,AU
1645,2026-05-03,Meta,US
1646,2026-02-12,Meta,US
1647,2026-06-15,Meta,US
1648,2026-05-01,Google,US
1649,2026-06-03,TikTok,CA
1650,2026-04-04,Meta,CA
1651,2026-06-23,Organic/Direct,EU
1652,2026-05-13,Google,US
1653,2026-05-31,Meta,UK
1654,2026-05-14,TikTok,US
1655,2026-05-12,Meta,US
1656,2026-04-28,Google,US
1657,2026-04-08,Affiliate,UK
1658,2026-05-17,Google,US
1659,2026-06-30,Affiliate,UK
1660,2026-05-16,Affiliate,US
1661,2026-03-21,Meta,EU
1662,2026-06-02,Meta,EU
1663,2026-06-12,Meta,US
1664,2026-06-18,Meta,US
1665,2026-05-24,Google,AU
1666,2026-04-05,Affiliate,US
1667,2026-05-28,Affiliate,US
1668,2026-06-11,Google,UK
1669,2026-04-10,TikTok,US
1670,2026-04-26,Google,UK
1671,2026-03-16,TikTok,US
1672,2026-03-31,Organic/Direct,UK
1673,2026-02-05,Google,EU
1674,2026-06-13,Meta,US
1675,2026-05-20,Meta,UK
1676,2026-07-28,Affiliate,US
1677,2026-06-30,Meta,US
1678,2026-06-10,Meta,US
1679,2026-06-25,Meta,US
1680,2026-05-07,Google,EU
1681,2026-01-17,Organic/Direct,US
1682,2026-07-04,Meta,US
1683,2026-07-03,Google,AU
1684,2026-07-11,TikTok,US
1685,2026-06-24,TikTok,US
1686,2026-06-10,Affiliate,US
1687,2026-06-01,Meta,US
1688,2026-05-04,Organic/Direct,US
1689,2026-03-24,Meta,US
1690,2026-07-19,Google,CA
1691,2026-06-02,Google,US
1692,2026-07-03,Meta,US
1693,2026-02-28,Organic/Direct,US
1694,2026-04-28,Meta,CA
1695,2026-07-19,Google,CA
1696,2026-05-04,TikTok,US
1697,2026-07-10,Meta,AU
1698,2026-03-21,Meta,US
1699,2026-03-18,Meta,UK
1700,2026-07-06,Meta,CA
1701,2026-07-03,Meta,US
1702,2026-07-07,Google,US
1703,2026-03-14,Meta,US
1704,2026-06-22,TikTok,CA
1705,2026-07-22,Meta,AU
1706,2026-04-01,Meta,US
1707,2026-07-14,Organic/Direct,EU
1708,2026-05-05,Meta,US
1709,2026-06-30,Meta,US
1710,2026-03-08,Google,US
1711,2026-04-09,Meta,US
1712,2026-07-20,Google,EU
1713,2026-03-08,Meta,US
1714,2026-06-27,Meta,US
1715,2026-05-20,Organic/Direct,US
1716,2026-05-06,Meta,US
1717,2026-04-11,Meta,EU
1718,2026-03-16,Meta,US
1719,2026-07-04,TikTok,US
1720,2026-01-30,Google,US
1721,2026-07-01,TikTok,CA
1722,2026-04-11,Google,EU
1723,2026-05-19,Affiliate,AU
1724,2026-07-09,Organic/Direct,US
1725,2026-01-24,TikTok,UK
1726,2026-05-13,Google,UK
1727,2026-03-14,Google,UK
1728,2026-07-28,TikTok,AU
1729,2026-03-28,Meta,US
1730,2026-04-05,Affiliate,US
1731,2026-04-12,Google,US
1732,2026-07-04,TikTok,US
1733,2026-07-03,Affiliate,EU
1734,2026-05-06,TikTok,EU
1735,2026-07-29,Google,US
1736,2026-05-23,Meta,US
1737,2026-04-12,Organic/Direct,US
1738,2026-07-01,Affiliate,US
1739,2026-01-06,TikTok,US
1740,2026-06-16,Meta,US
1741,2026-07-02,TikTok,CA
1742,2026-04-05,TikTok,US
1743,2026-04-18,Meta,AU
1744,2026-06-06,Organic/Direct,US
1745,2026-05-19,Organic/Direct,US
1746,2026-04-29,Meta,US
1747,2026-02-08,Affiliate,US
1748,2026-06-27,Google,US
1749,2026-06-28,Google,US
1750,2026-06-23,TikTok,UK
1751,2026-06-09,Google,AU
1752,2026-05-31,Google,US
1753,2026-07-27,Google,US
1754,2026-07-28,Meta,US
1755,2026-02-14,Meta,UK
1756,2026-02-04,Meta,US
1757,2026-05-04,Meta,US
1758,2026-06-21,Meta,UK
1759,2026-06-12,Organic/Direct,US
1760,2026-04-27,Meta,US
1761,2026-05-01,Google,AU
1762,2026-06-09,Organic/Direct,US
1763,2026-06-26,Google,EU
1764,2026-05-10,Google,US
1765,2026-07-09,Meta,UK
1766,2026-05-03,Google,CA
1767,2026-05-03,Google,US
1768,2026-05-20,Google,CA
1769,2026-07-07,Affiliate,US
1770,2026-04-24,Meta,EU
1771,2026-05-14,Meta,UK
1772,2026-03-05,Affiliate,US
1773,2026-05-03,Meta,CA
1774,2026-05-26,Meta,CA
1775,2026-06-20,Meta,CA
1776,2026-05-19,Google,US
1777,2026-05-14,Google,US
1778,2026-07-04,Meta,US
1779,2026-06-26,Affiliate,US
1780,2026-04-08,Organic/Direct,UK
1781,2026-05-25,Organic/Direct,US
1782,2026-06-15,TikTok,US
1783,2026-06-08,Google,US
1784,2026-05-08,Meta,US
1785,2026-06-24,Meta,US
1786,2026-04-30,Affiliate,US
1787,2026-04-06,Google,CA
1788,2026-06-19,Meta,US
1789,2026-05-15,Meta,US
1790,2026-04-15,Affiliate,US
1791,2026-06-07,Google,UK
1792,2026-01-27,Meta,CA
1793,2026-04-22,Google,UK
1794,2026-02-13,TikTok,US
1795,2026-07-19,Meta,US
1796,2026-02-23,Affiliate,UK
1797,2026-07-18,Google,CA
1798,2026-07-13,Meta,US
1799,2026-05-30,Meta,UK
1800,2026-06-10,TikTok,US
1801,2026-05-29,Meta,US
1802,2026-07-05,Meta,CA
1803,2026-07-01,Affiliate,UK
1804,2026-07-24,Meta,US
1805,2026-04-08,Meta,US
1806,2026-07-16,Meta,US
1807,2026-06-26,Meta,US
1808,2026-05-26,Meta,US
1809,2026-07-06,Meta,US
1810,2026-05-08,Meta,UK
1811,2026-07-20,Meta,UK
1812,2026-07-08,Meta,AU
1813,2026-06-22,Meta,US
1814,2026-06-18,TikTok,AU
1815,2026-06-24,Google,US
1816,2026-05-21,Meta,EU
1817,2026-07-23,Organic/Direct,US
1818,2026-07-24,TikTok,US
1819,2026-07-15,Meta,US
1820,2026-04-29,Affiliate,UK
1821,2026-07-07,Meta,US
1822,2026-07-06,Google,UK
1823,2026-07-23,Meta,US
1824,2026-07-22,Meta,US
1825,2026-04-18,Meta,US
1826,2026-06-30,Google,US
1827,2026-06-25,TikTok,UK
1828,2026-04-01,Google,UK
1829,2026-01-12,Meta,US
1830,2026-06-10,Meta,US
1831,2026-06-28,TikTok,UK
1832,2026-03-18,Google,US
1833,2026-07-24,Google,AU
1834,2026-03-19,Meta,US
1835,2026-05-01,Meta,US
1836,2026-05-08,Google,US
1837,2026-07-12,Google,US
1838,2026-02-01,Google,US
1839,2026-03-04,Google,US
1840,2026-07-14,Meta,US
1841,2026-06-13,Meta,EU
1842,2026-03-29,Google,US
1843,2026-06-03,TikTok,AU
1844,2026-07-11,Google,US
1845,2026-04-06,Organic/Direct,CA
1846,2026-04-19,TikTok,US
1847,2026-05-19,Meta,US
1848,2026-07-11,TikTok,US
1849,2026-03-31,TikTok,US
1850,2026-07-28,Meta,US
1851,2026-04-16,Google,UK
1852,2026-03-03,Google,AU
1853,2026-07-28,Google,US
1854,2026-05-11,Google,US
1855,2026-02-27,Meta,EU
1856,2026-05-25,Meta,US
1857,2026-06-22,Affiliate,UK
1858,2026-07-09,Meta,US
1859,2026-05-11,Organic/Direct,UK
1860,2026-03-18,Affiliate,US
1861,2026-03-31,Meta,US
1862,2026-05-03,Google,US
1863,2026-06-27,Google,US
1864,2026-04-29,Organic/Direct,US
1865,2026-07-28,Meta,US
1866,2026-05-19,Organic/Direct,US
1867,2026-07-12,Organic/Direct,US
1868,2026-05-20,Meta,UK
1869,2026-05-28,Organic/Direct,US
1870,2026-07-22,Google,US
1871,2026-04-02,Meta,US
1872,2026-05-25,Meta,US
1873,2026-03-13,Affiliate,US
1874,2026-05-21,Organic/Direct,US
1875,2026-05-23,Meta,UK
1876,2026-03-23,Meta,US
1877,2026-04-23,Affiliate,UK
1878,2026-07-11,Google,UK
1879,2026-04-08,Organic/Direct,US
1880,2026-07-04,Meta,AU
1881,2026-04-15,Google,US
1882,2026-05-01,Meta,EU
1883,2026-03-15,Meta,AU
1884,2026-03-10,Meta,US
1885,2026-05-24,TikTok,US
1886,2026-06-17,Meta,UK
1887,2026-05-02,Meta,UK
1888,2026-05-23,Organic/Direct,EU
1889,2026-07-20,TikTok,US
1890,2026-07-16,Affiliate,US
1891,2026-07-08,TikTok,US
1892,2026-06-13,Meta,US
1893,2026-04-14,TikTok,US
1894,2026-01-31,Meta,US
1895,2026-05-14,Google,EU
1896,2026-03-24,Meta,CA
1897,2026-07-01,Organic/Direct,AU
1898,2026-06-13,Meta,US
1899,2026-05-08,Meta,US
1900,2026-05-12,Meta,US
1901,2026-03-05,Google,US
1902,2026-04-02,Google,US
1903,2026-06-01,Organic/Direct,UK
1904,2026-06-19,TikTok,EU
1905,2026-06-03,Google,US
1906,2026-05-25,Meta,CA
1907,2026-04-26,Organic/Direct,UK
1908,2026-04-26,Meta,US
1909,2026-06-09,Google,AU
1910,2026-06-01,Google,US
1911,2026-05-24,TikTok,CA
1912,2026-05-06,Google,CA
1913,2026-01-27,TikTok,US
1914,2026-07-07,Affiliate,US
1915,2026-05-17,TikTok,US
1916,2026-06-29,TikTok,US
1917,2026-07-09,Meta,AU
1918,2026-07-09,Meta,US
1919,2026-07-29,Meta,UK
1920,2026-05-19,Meta,US
1921,2026-01-25,Google,US
1922,2026-05-15,Google,UK
1923,2026-06-29,Meta,CA
1924,2026-06-15,TikTok,EU
1925,2026-06-23,Affiliate,US
1926,2026-03-19,Meta,CA
1927,2026-06-26,Meta,US
1928,2026-05-27,Meta,US
1929,2026-07-13,Affiliate,US
1930,2026-03-03,TikTok,US
1931,2026-05-18,Meta,AU
1932,2026-07-01,Google,US
1933,2026-01-30,Google,US
1934,2026-04-25,Affiliate,US
1935,2026-05-02,Meta,CA
1936,2026-05-19,Google,US
1937,2026-06-10,TikTok,EU
1938,2026-01-15,Google,US
1939,2026-06-23,Affiliate,US
1940,2026-06-28,Google,US
1941,2026-04-29,Meta,AU
1942,2026-05-17,Google,US
1943,2026-07-24,Meta,UK
1944,2026-01-31,Meta,US
1945,2026-05-04,Meta,US
1946,2026-07-21,Meta,US
1947,2026-07-13,Google,US
1948,2026-04-25,TikTok,EU
1949,2026-07-12,TikTok,UK
1950,2026-07-08,TikTok,CA
1951,2026-06-16,Meta,UK
1952,2026-06-22,Meta,US
1953,2026-06-14,Meta,US
1954,2026-07-30,Meta,US
1955,2026-01-08,Meta,UK
1956,2026-03-30,Affiliate,US
1957,2026-07-09,Meta,US
1958,2026-04-11,Google,US
1959,2026-07-30,TikTok,CA
1960,2026-07-05,Google,AU
1961,2026-07-14,Affiliate,US
1962,2026-03-10,Meta,EU
1963,2026-07-08,Organic/Direct,CA
1964,2026-07-28,TikTok,US
1965,2026-07-15,Meta,US
1966,2026-05-31,Meta,US
1967,2026-04-06,Meta,UK
1968,2026-06-27,TikTok,US
1969,2026-07-16,Meta,US
1970,2026-07-10,Meta,US
1971,2026-07-27,TikTok,US
1972,2026-07-12,Google,US
1973,2026-03-29,Meta,UK
1974,2026-05-16,Google,US
1975,2026-07-03,Google,CA
1976,2026-03-20,Google,AU
1977,2026-07-19,Organic/Direct,US
1978,2026-06-24,Organic/Direct,US
1979,2026-07-05,TikTok,US
1980,2026-02-03,Organic/Direct,US
1981,2026-02-22,TikTok,UK
1982,2026-07-20,Meta,UK
1983,2026-06-28,TikTok,US
1984,2026-04-25,Google,UK
1985,2026-06-06,Meta,UK
1986,2026-07-21,Meta,US
1987,2026-06-03,Organic/Direct,UK
1988,2026-05-21,Meta,US
1989,2026-07-07,Google,UK
1990,2026-07-18,TikTok,US
1991,2026-04-04,Meta,US
1992,2026-05-03,TikTok,UK
1993,2026-03-16,Organic/Direct,US
1994,2026-03-06,Google,US
1995,2026-07-03,Meta,US
1996,2026-07-08,Google,US
1997,2026-07-05,TikTok,EU
1998,2026-03-12,Meta,US
1999,2026-06-17,Meta,US
2000,2026-06-20,Meta,US
2001,2026-07-01,Google,EU
2002,2026-07-09,Organic/Direct,US
2003,2026-07-19,Google,US
2004,2026-06-12,Meta,US
2005,2026-07-06,TikTok,UK
2006,2026-06-28,Google,US
2007,2026-05-01,Google,CA
2008,2026-05-07,Meta,UK
2009,2026-07-12,Meta,US
2010,2026-07-18,Google,US
2011,2026-05-09,Google,US
2012,2026-06-01,Google,US
2013,2026-05-30,Google,US
2014,2026-07-23,Google,EU
2015,2026-07-11,Meta,US
2016,2026-06-27,Meta,UK
2017,2026-07-16,Meta,US
2018,2026-05-26,TikTok,EU
2019,2026-05-09,Organic/Direct,US
2020,2026-05-15,Meta,US
2021,2026-01-22,Meta,US
2022,2026-04-25,Meta,US
2023,2026-07-06,Google,EU
2024,2026-04-27,Meta,US
2025,2026-07-01,Meta,US
2026,2026-01-30,Google,US
2027,2026-07-20,TikTok,US
2028,2026-06-29,Google,CA
2029,2026-05-30,Google,US
2030,2026-05-22,Affiliate,US
2031,2026-07-08,TikTok,US
2032,2026-04-12,Google,US
2033,2026-07-26,Affiliate,UK
2034,2026-06-19,Affiliate,UK
2035,2026-06-09,TikTok,UK
2036,2026-06-08,Meta,US
2037,2026-04-03,Google,US
2038,2026-02-18,Meta,US
2039,2026-07-19,Meta,EU
2040,2026-03-31,Meta,CA
2041,2026-04-15,TikTok,AU
2042,2026-05-21,Affiliate,US
2043,2026-05-14,Meta,AU
2044,2026-02-02,Google,AU
2045,2026-04-29,Meta,US
2046,2026-03-08,Meta,US
2047,2026-04-17,Meta,US
2048,2026-05-15,Meta,US
2049,2026-05-01,Meta,US
2050,2026-05-12,Meta,US
2051,2026-05-01,Meta,CA
2052,2026-03-15,Meta,CA
2053,2026-06-11,Google,CA
2054,2026-05-11,Meta,US
2055,2026-05-24,Google,US
2056,2026-05-15,Meta,AU
2057,2026-04-20,Organic/Direct,UK
2058,2026-04-15,Google,CA
2059,2026-04-27,Google,US
2060,2026-06-18,Meta,EU
2061,2026-05-09,Organic/Direct,CA
2062,2026-06-04,Google,AU
2063,2026-05-22,Meta,US
2064,2026-07-12,Meta,EU
2065,2026-01-05,Organic/Direct,US
2066,2026-06-13,Affiliate,US
2067,2026-05-06,Google,US
2068,2026-05-31,Meta,UK
2069,2026-06-08,Meta,US
2070,2026-03-15,Meta,US
2071,2026-04-22,Google,US
2072,2026-07-26,Meta,UK
2073,2026-05-04,Meta,CA
2074,2026-05-22,Meta,EU
2075,2026-05-04,Google,US
2076,2026-01-27,TikTok,UK
2077,2026-01-10,Google,AU
2078,2026-06-23,Google,AU
2079,2026-06-26,TikTok,US
2080,2026-07-07,Google,US
2081,2026-02-07,TikTok,UK
2082,2026-05-06,Affiliate,CA
2083,2026-05-07,Meta,CA
2084,2026-06-26,Meta,US
2085,2026-07-24,Google,US
2086,2026-01-30,Meta,AU
2087,2026-05-07,Meta,US
2088,2026-04-27,TikTok,US
2089,2026-05-29,Meta,US
2090,2026-07-20,TikTok,US
2091,2026-04-04,Affiliate,US
2092,2026-07-16,Google,US
2093,2026-06-06,Google,US
2094,2026-06-24,Google,US
2095,2026-03-17,Meta,US
2096,2026-06-09,Meta,US
2097,2026-07-06,Meta,UK
2098,2026-07-30,TikTok,US
2099,2026-04-17,Google,US
2100,2026-07-24,Google,EU
2101,2026-02-18,Google,EU
2102,2026-04-21,TikTok,US
2103,2026-05-07,TikTok,AU
2104,2026-04-10,Meta,US
2105,2026-05-22,Meta,US
2106,2026-03-02,Google,US
2107,2026-07-01,Organic/Direct,US
2108,2026-02-12,Meta,US
2109,2026-06-16,Meta,US
2110,2026-02-02,Organic/Direct,CA
2111,2026-04-15,Google,EU
2112,2026-07-12,Affiliate,US
2113,2026-04-13,Meta,US
2114,2026-05-20,Meta,US
2115,2026-03-16,Organic/Direct,AU
2116,2026-05-10,Affiliate,UK
2117,2026-07-06,Meta,CA
2118,2026-02-19,Google,US
2119,2026-01-13,Google,US
2120,2026-07-02,Meta,US
2121,2026-06-21,Meta,US
2122,2026-07-08,Affiliate,US
2123,2026-05-03,Organic/Direct,CA
2124,2026-05-23,Meta,US
2125,2026-03-09,Google,US
2126,2026-07-07,Meta,US
2127,2026-06-18,Meta,US
2128,2026-06-29,Google,US
2129,2026-07-08,Meta,US
2130,2026-05-20,Organic/Direct,CA
2131,2026-04-28,Affiliate,CA
2132,2026-03-23,Meta,US
2133,2026-05-09,Meta,US
2134,2026-06-23,Meta,US
2135,2026-07-12,Affiliate,US
2136,2026-04-04,Meta,AU
2137,2026-07-06,Meta,UK
2138,2026-06-25,Organic/Direct,US
2139,2026-05-02,Google,EU
2140,2026-06-15,Google,US
2141,2026-05-23,TikTok,US
2142,2026-04-09,Meta,US
2143,2026-04-12,Google,US
2144,2026-06-30,Organic/Direct,US
2145,2026-07-01,Meta,US
2146,2026-07-29,Meta,US
2147,2026-01-18,Google,UK
2148,2026-07-21,Meta,EU
2149,2026-04-05,Meta,US
2150,2026-04-19,Meta,CA
2151,2026-04-15,Meta,US
2152,2026-04-18,Meta,CA
2153,2026-03-20,Google,AU
2154,2026-05-03,Meta,US
2155,2026-05-09,Meta,US
2156,2026-06-03,TikTok,UK
2157,2026-05-19,TikTok,US
2158,2026-07-18,Meta,US
2159,2026-06-03,TikTok,US
2160,2026-05-19,Google,AU
2161,2026-07-04,Google,AU
2162,2026-04-25,Meta,US
2163,2026-06-17,Meta,US
2164,2026-05-31,Google,US
2165,2026-06-29,TikTok,CA
2166,2026-06-15,Meta,US
2167,2026-07-18,TikTok,US
2168,2026-06-01,Meta,UK
2169,2026-06-02,Google,EU
2170,2026-05-26,Google,UK
2171,2026-07-07,Google,US
2172,2026-07-19,Google,US
2173,2026-04-09,Google,US
2174,2026-03-25,Affiliate,US
2175,2026-03-03,TikTok,US
2176,2026-06-01,Meta,US
2177,2026-06-01,Meta,US
2178,2026-05-19,Meta,US
2179,2026-04-21,Meta,US
2180,2026-04-19,Meta,AU
2181,2026-04-25,Google,US
2182,2026-02-11,Meta,US
2183,2026-01-26,TikTok,US
2184,2026-07-02,TikTok,CA
2185,2026-04-03,Google,US
2186,2026-07-15,TikTok,US
2187,2026-04-18,TikTok,US
2188,2026-05-05,Organic/Direct,EU
2189,2026-07-11,TikTok,US
2190,2026-06-20,Organic/Direct,EU
2191,2026-07-16,Meta,UK
2192,2026-04-07,Meta,US
2193,2026-06-06,Google,CA
2194,2026-05-04,Meta,CA
2195,2026-05-19,Organic/Direct,US
2196,2026-05-20,Affiliate,US
2197,2026-03-20,Affiliate,US
2198,2026-07-01,Google,UK
2199,2026-05-06,Meta,US
2200,2026-07-03,TikTok,UK
2201,2026-04-26,Google,US
2202,2026-01-01,Organic/Direct,US
2203,2026-07-08,Organic/Direct,US
2204,2026-05-12,Google,EU
2205,2026-01-29,Meta,US
2206,2026-05-22,Affiliate,US
2207,2026-03-10,Google,US
2208,2026-06-25,Google,US
2209,2026-02-25,Meta,US
2210,2026-06-21,Meta,US
2211,2026-06-01,Meta,AU
2212,2026-05-16,Meta,US
2213,2026-06-04,Google,US
2214,2026-07-26,Affiliate,US
2215,2026-04-06,Google,UK
2216,2026-05-26,Google,EU
2217,2026-06-11,Google,UK
2218,2026-04-21,Meta,US
2219,2026-01-19,Meta,US
2220,2026-06-09,Google,US
2221,2026-01-12,Affiliate,US
2222,2026-06-26,TikTok,US
2223,2026-06-15,Affiliate,US
2224,2026-04-16,Affiliate,UK
2225,2026-05-23,Organic/Direct,US
2226,2026-06-09,Google,EU
2227,2026-04-14,Affiliate,US
2228,2026-06-17,Meta,AU
2229,2026-06-26,TikTok,US
2230,2026-05-29,Organic/Direct,US
2231,2026-07-30,Meta,US
2232,2026-07-04,Meta,US
2233,2026-04-17,Google,US
2234,2026-02-27,TikTok,US
2235,2026-07-02,Affiliate,US
2236,2026-01-22,Meta,AU
2237,2026-05-01,TikTok,US
2238,2026-02-25,Meta,EU
2239,2026-03-21,Affiliate,CA
2240,2026-03-29,Meta,US
2241,2026-04-25,Google,US
2242,2026-02-28,TikTok,US
2243,2026-05-07,Meta,US
2244,2026-06-23,Meta,UK
2245,2026-07-12,Affiliate,UK
2246,2026-06-28,Affiliate,US
2247,2026-04-28,Meta,US
2248,2026-07-05,TikTok,AU
2249,2026-05-10,Meta,US
2250,2026-05-18,Organic/Direct,US
2251,2026-04-03,TikTok,US
2252,2026-07-18,TikTok,CA
2253,2026-03-28,Meta,US
2254,2026-03-11,Meta,US
2255,2026-04-02,Meta,US
2256,2026-07-24,Meta,US
2257,2026-05-06,Meta,US
2258,2026-04-29,Google,US
2259,2026-02-24,Google,US
2260,2026-02-05,TikTok,US
2261,2026-07-29,TikTok,CA
2262,2026-07-22,Google,US
2263,2026-03-06,Meta,UK
2264,2026-05-12,Organic/Direct,CA
2265,2026-03-18,Meta,CA
2266,2026-06-24,Organic/Direct,UK
2267,2026-01-16,Google,US
2268,2026-06-18,Meta,US
2269,2026-07-29,Meta,US
2270,2026-07-19,Meta,UK
2271,2026-07-03,Google,US
2272,2026-05-10,Meta,US
2273,2026-04-06,Meta,AU
2274,2026-06-13,Organic/Direct,UK
2275,2026-05-01,Meta,UK
2276,2026-07-04,Google,EU
2277,2026-06-19,Meta,US
2278,2026-07-14,Meta,US
2279,2026-06-04,Organic/Direct,UK
2280,2026-04-16,TikTok,UK
2281,2026-06-14,Google,US
2282,2026-05-21,Meta,AU
2283,2026-01-26,Organic/Direct,EU
2284,2026-03-16,Meta,US
2285,2026-07-08,Meta,US
2286,2026-05-18,Google,US
2287,2026-04-04,Google,US
2288,2026-04-27,Google,EU
2289,2026-04-05,Affiliate,US
2290,2026-07-25,Meta,US
2291,2026-05-25,Google,US
2292,2026-05-19,Meta,EU
2293,2026-05-27,TikTok,US
2294,2026-03-02,Organic/Direct,US
2295,2026-06-04,Google,US
2296,2026-05-11,Meta,US
2297,2026-06-08,Google,US
2298,2026-06-28,Meta,AU
2299,2026-01-14,Affiliate,UK
2300,2026-05-10,Google,US
2301,2026-05-13,TikTok,US
2302,2026-04-28,Organic/Direct,US
2303,2026-07-18,Organic/Direct,US
2304,2026-07-23,Meta,CA
2305,2026-07-26,TikTok,CA
2306,2026-05-05,TikTok,UK
2307,2026-05-09,Meta,US
2308,2026-05-18,Meta,US
2309,2026-07-22,Meta,UK
2310,2026-02-05,Meta,US
2311,2026-07-25,Meta,US
2312,2026-06-10,TikTok,US
2313,2026-03-14,Meta,UK
2314,2026-05-11,TikTok,EU
2315,2026-03-01,Organic/Direct,AU
2316,2026-03-27,Google,UK
2317,2026-05-30,Google,AU
2318,2026-06-11,TikTok,CA
2319,2026-07-22,Affiliate,US
2320,2026-06-09,TikTok,CA
2321,2026-04-20,Meta,UK
2322,2026-06-26,Meta,US
2323,2026-05-28,Meta,CA
2324,2026-05-17,Google,US
2325,2026-05-19,Meta,US
2326,2026-03-19,Google,US
2327,2026-03-12,Google,US
2328,2026-04-05,TikTok,CA
2329,2026-04-03,Organic/Direct,AU
2330,2026-05-21,Organic/Direct,US
2331,2026-06-18,Meta,US
2332,2026-03-16,Meta,US
2333,2026-04-13,Google,CA
2334,2026-01-21,Meta,EU
2335,2026-06-22,TikTok,US
2336,2026-04-07,TikTok,US
2337,2026-06-02,Organic/Direct,US
2338,2026-05-28,TikTok,US
2339,2026-05-03,TikTok,US
2340,2026-04-29,Meta,US
2341,2026-05-14,Google,EU
2342,2026-07-17,Affiliate,US
2343,2026-07-16,Google,CA
2344,2026-07-22,Meta,US
2345,2026-06-03,Organic/Direct,CA
2346,2026-04-16,Google,UK
2347,2026-07-16,Google,UK
2348,2026-01-12,Google,EU
2349,2026-04-30,Google,AU
2350,2026-07-27,TikTok,UK
2351,2026-04-12,Google,UK
2352,2026-07-08,Meta,EU
2353,2026-07-24,Google,UK
2354,2026-06-26,Meta,US
2355,2026-06-14,TikTok,AU
2356,2026-07-17,TikTok,UK
2357,2026-02-07,Meta,CA
2358,2026-07-30,Organic/Direct,US
2359,2026-07-19,Organic/Direct,US
2360,2026-06-05,Meta,US
2361,2026-07-25,TikTok,US
2362,2026-07-30,Meta,AU
2363,2026-05-01,Google,US
2364,2026-06-28,TikTok,EU
2365,2026-06-22,TikTok,AU
2366,2026-06-17,Google,CA
2367,2026-05-02,Meta,US
2368,2026-07-22,Meta,US
2369,2026-07-21,TikTok,UK
2370,2026-06-20,TikTok,EU
2371,2026-05-20,Meta,US
2372,2026-04-24,Meta,US
2373,2026-06-12,Meta,EU
2374,2026-06-09,Meta,US
2375,2026-05-11,TikTok,US
2376,2026-06-12,Meta,US
2377,2026-05-18,TikTok,CA
2378,2026-07-23,Meta,UK
2379,2026-06-12,Meta,US
2380,2026-07-14,Meta,CA
2381,2026-04-25,Meta,UK
2382,2026-03-23,Meta,UK
2383,2026-07-14,Affiliate,US
2384,2026-04-30,Google,UK
2385,2026-04-21,Affiliate,US
2386,2026-06-17,Meta,US
2387,2026-07-27,Meta,CA
2388,2026-03-24,TikTok,CA
2389,2026-07-23,Meta,UK
2390,2026-07-22,TikTok,AU
2391,2026-06-29,Meta,CA
2392,2026-07-21,Meta,US
2393,2026-05-13,Google,US
2394,2026-05-05,Google,US
2395,2026-06-29,Meta,AU
2396,2026-06-26,Google,US
2397,2026-04-30,TikTok,AU
2398,2026-02-19,Meta,UK
2399,2026-06-10,Google,US
2400,2026-07-19,Meta,CA
2401,2026-04-04,Google,US
2402,2026-07-15,Meta,CA
2403,2026-07-15,Meta,EU
2404,2026-06-23,Meta,US
2405,2026-05-06,Google,EU
2406,2026-03-14,Google,US
2407,2026-05-19,Meta,UK
2408,2026-04-15,Meta,US
2409,2026-04-27,Google,US
2410,2026-07-02,TikTok,EU
2411,2026-06-22,Meta,US
2412,2026-07-10,Google,UK
2413,2026-05-21,Meta,US
2414,2026-03-15,Google,AU
2415,2026-04-11,Google,EU
2416,2026-05-27,TikTok,US
2417,2026-06-12,Google,EU
2418,2026-06-26,Meta,US
2419,2026-05-01,TikTok,AU
2420,2026-06-04,Google,UK
2421,2026-05-13,Affiliate,CA
2422,2026-06-03,Meta,CA
2423,2026-06-04,Affiliate,UK
2424,2026-07-03,Meta,UK
2425,2026-03-14,Affiliate,UK
2426,2026-01-16,Google,US
2427,2026-02-11,Google,US
2428,2026-04-17,TikTok,US
2429,2026-03-16,Meta,EU
2430,2026-03-29,Organic/Direct,UK
2431,2026-04-16,Meta,EU
2432,2026-07-20,Meta,US
2433,2026-03-20,Google,US
2434,2026-07-21,Organic/Direct,US
2435,2026-05-31,TikTok,UK
2436,2026-01-31,Meta,CA
2437,2026-07-26,Google,US
2438,2026-05-07,Meta,UK
2439,2026-02-05,Google,US
2440,2026-05-23,Organic/Direct,UK
2441,2026-07-24,Meta,US
2442,2026-06-17,Meta,UK
2443,2026-06-19,TikTok,US
2444,2026-06-19,Google,US
2445,2026-07-11,Meta,CA
2446,2026-05-10,Organic/Direct,US
2447,2026-04-20,Google,UK
2448,2026-05-15,Meta,US
2449,2026-07-21,TikTok,US
2450,2026-07-08,Meta,US
2451,2026-07-28,Meta,EU
2452,2026-07-06,Meta,US
2453,2026-07-17,Google,CA
2454,2026-03-07,Meta,US
2455,2026-04-23,Meta,US
2456,2026-01-13,Google,US
2457,2026-07-01,Organic/Direct,US
2458,2026-06-12,Affiliate,US
2459,2026-03-17,Meta,US
2460,2026-03-25,Meta,US
2461,2026-06-30,Meta,UK
2462,2026-07-28,TikTok,US
2463,2026-06-14,TikTok,US
2464,2026-07-29,TikTok,US
2465,2026-04-21,Google,EU
2466,2026-07-18,Affiliate,US
2467,2026-07-15,Organic/Direct,US
2468,2026-04-28,Meta,US
2469,2026-06-30,Organic/Direct,US
2470,2026-02-20,Google,US
2471,2026-07-17,Organic/Direct,US
2472,2026-05-31,TikTok,US
2473,2026-06-01,Organic/Direct,AU
2474,2026-06-26,Google,US
2475,2026-07-21,TikTok,UK
2476,2026-06-26,TikTok,US
2477,2026-07-01,Organic/Direct,CA
2478,2026-07-17,Google,US
2479,2026-06-14,Organic/Direct,UK
2480,2026-07-18,Google,US
2481,2026-02-27,Google,EU
2482,2026-05-18,Meta,US
2483,2026-03-13,Organic/Direct,US
2484,2026-06-04,TikTok,US
2485,2026-04-26,Meta,US
2486,2026-07-01,Google,US
2487,2026-04-27,Organic/Direct,UK
2488,2026-07-11,Meta,US
2489,2026-06-15,Google,US
2490,2026-06-15,Meta,US
2491,2026-01-16,Affiliate,US
2492,2026-05-06,Meta,US
2493,2026-03-03,Google,US
2494,2026-03-16,Google,US
2495,2026-06-20,Meta,US
2496,2026-04-26,Google,US
2497,2026-07-10,Meta,US
2498,2026-07-13,Meta,US
2499,2026-05-19,Meta,AU
2500,2026-04-04,Meta,US
2501,2026-05-13,TikTok,AU
2502,2026-03-26,Meta,US
2503,2026-06-22,Meta,US
2504,2026-06-06,TikTok,UK
2505,2026-05-01,TikTok,AU
2506,2026-05-30,Organic/Direct,CA
2507,2026-05-12,Meta,US
2508,2026-01-31,Meta,US
2509,2026-07-04,Meta,UK
2510,2026-05-04,Organic/Direct,UK
2511,2026-05-20,Meta,US
2512,2026-07-04,Meta,US
2513,2026-05-31,Meta,CA
2514,2026-07-16,Organic/Direct,US
2515,2026-07-11,Meta,UK
2516,2026-07-09,TikTok,US
2517,2026-03-31,Organic/Direct,US
2518,2026-06-18,Meta,US
2519,2026-02-11,Organic/Direct,US
2520,2026-06-15,Meta,US
2521,2026-05-15,Meta,UK
2522,2026-04-12,Meta,US
2523,2026-05-31,Google,US
2524,2026-04-20,Meta,US
2525,2026-05-17,Meta,US
2526,2026-01-10,Meta,US
2527,2026-04-22,Google,US
2528,2026-04-16,Google,US
2529,2026-03-12,TikTok,UK
2530,2026-07-05,Meta,US
2531,2026-07-09,TikTok,US
2532,2026-06-14,Meta,US
2533,2026-06-11,Meta,US
2534,2026-06-17,Google,US
2535,2026-07-27,Affiliate,CA
2536,2026-04-03,Google,US
2537,2026-07-24,Google,US
2538,2026-05-26,TikTok,US
2539,2026-03-24,Meta,US
2540,2026-06-27,Affiliate,CA
2541,2026-07-14,Google,US
2542,2026-05-08,Google,US
2543,2026-05-20,Google,US
2544,2026-07-25,TikTok,US
2545,2026-04-21,Organic/Direct,US
2546,2026-07-26,Meta,EU
2547,2026-04-03,Affiliate,US
2548,2026-06-03,Google,US
2549,2026-05-20,Google,US
2550,2026-05-12,Google,US
2551,2026-01-13,Google,US
2552,2026-01-20,Organic/Direct,US
2553,2026-05-30,TikTok,US
2554,2026-07-14,Meta,US
2555,2026-03-14,Meta,US
2556,2026-04-24,Google,EU
2557,2026-04-22,Meta,AU
2558,2026-02-17,Organic/Direct,US
2559,2026-03-13,Google,UK
2560,2026-07-28,Meta,EU
2561,2026-07-18,Meta,US
2562,2026-07-19,Meta,EU
2563,2026-06-16,Meta,US
2564,2026-06-30,Meta,US
2565,2026-01-27,Google,AU
2566,2026-07-24,Google,UK
2567,2026-06-25,Organic/Direct,US
2568,2026-06-16,Google,US
2569,2026-05-21,Meta,US
2570,2026-06-17,Affiliate,US
2571,2026-05-21,TikTok,US
2572,2026-03-23,Google,US
2573,2026-05-24,Affiliate,US
2574,2026-06-09,Organic/Direct,US
2575,2026-04-23,Meta,AU
2576,2026-07-10,TikTok,US
2577,2026-03-21,Google,US
2578,2026-06-19,Google,UK
2579,2026-03-20,TikTok,US
2580,2026-03-08,Google,US
2581,2026-01-25,Affiliate,EU
2582,2026-03-18,TikTok,US
2583,2026-07-24,Google,CA
2584,2026-01-21,TikTok,US
2585,2026-07-10,Affiliate,US
2586,2026-03-20,TikTok,AU
2587,2026-07-10,Meta,US
2588,2026-04-15,Google,US
2589,2026-06-05,Meta,US
2590,2026-06-05,Meta,AU
2591,2026-05-16,Meta,US
2592,2026-04-11,Google,US
2593,2026-04-24,Organic/Direct,UK
2594,2026-06-24,TikTok,AU
2595,2026-05-28,Organic/Direct,US
2596,2026-07-26,Meta,US
2597,2026-05-02,Meta,AU
2598,2026-03-03,Meta,US
2599,2026-05-19,Meta,US
2600,2026-05-18,Affiliate,UK
2601,2026-06-16,Meta,AU
2602,2026-04-20,Google,US
2603,2026-04-19,Organic/Direct,CA
2604,2026-07-07,Affiliate,EU
2605,2026-07-06,Meta,US
2606,2026-05-22,TikTok,EU
2607,2026-07-10,Meta,US
2608,2026-06-29,Meta,US
2609,2026-03-17,TikTok,US
2610,2026-05-29,Google,EU
2611,2026-06-13,Google,US
2612,2026-07-25,Organic/Direct,US
2613,2026-06-06,Google,US
2614,2026-06-04,Meta,US
2615,2026-06-28,Google,CA
2616,2026-07-10,Meta,US
2617,2026-05-07,Meta,AU
2618,2026-05-08,Google,US
2619,2026-03-12,Organic/Direct,US
2620,2026-07-14,TikTok,US
2621,2026-05-24,Affiliate,US
2622,2026-07-23,Google,US
2623,2026-04-10,TikTok,US
2624,2026-06-26,Meta,UK
2625,2026-06-26,Google,US
2626,2026-03-10,Google,US
2627,2026-06-12,Meta,US
2628,2026-03-21,Meta,US
2629,2026-07-12,Google,CA
2630,2026-05-25,Meta,US
2631,2026-07-25,Google,UK
2632,2026-05-21,Google,US
2633,2026-03-12,Meta,UK
2634,2026-06-14,Meta,US
2635,2026-05-13,Google,EU
2636,2026-05-23,TikTok,US
2637,2026-06-09,Meta,US
2638,2026-07-23,Meta,US
2639,2026-05-10,Organic/Direct,UK
2640,2026-05-14,Meta,US
2641,2026-07-11,Organic/Direct,US
2642,2026-02-28,Google,UK
2643,2026-05-15,Google,US
2644,2026-05-09,Google,US
2645,2026-03-10,Meta,CA
2646,2026-05-03,Meta,US
2647,2026-03-10,Meta,US
2648,2026-07-21,Meta,US
2649,2026-07-23,Meta,US
2650,2026-06-09,Meta,EU
2651,2026-05-27,Meta,US
2652,2026-04-28,Organic/Direct,CA
2653,2026-07-26,Google,US
2654,2026-05-12,Meta,US
2655,2026-06-23,Meta,AU
2656,2026-05-30,Google,CA
2657,2026-02-02,Google,AU
2658,2026-01-10,Google,AU
2659,2026-03-06,TikTok,AU
2660,2026-07-09,Google,CA
2661,2026-03-26,Organic/Direct,US
2662,2026-06-30,Google,EU
2663,2026-05-04,TikTok,US
2664,2026-05-07,Affiliate,US
2665,2026-07-19,TikTok,US
2666,2026-04-07,Google,US
2667,2026-03-24,Google,US
2668,2026-07-09,Meta,AU
2669,2026-06-06,Organic/Direct,CA
2670,2026-03-04,Meta,US
2671,2026-07-23,Meta,US
2672,2026-05-08,Meta,US
2673,2026-07-05,Meta,US
2674,2026-04-17,Affiliate,UK
2675,2026-03-21,Meta,US
2676,2026-02-11,Google,AU
2677,2026-07-22,Meta,US
2678,2026-07-13,Organic/Direct,US
2679,2026-06-24,Google,US
2680,2026-07-17,TikTok,UK
2681,2026-06-19,TikTok,US
2682,2026-07-11,Meta,AU
2683,2026-04-24,Meta,US
2684,2026-02-03,TikTok,US
2685,2026-05-25,Google,CA
2686,2026-03-11,Meta,US
2687,2026-07-26,Google,US
2688,2026-05-14,Meta,US
2689,2026-06-14,Meta,UK
2690,2026-03-13,Google,US
2691,2026-07-25,Meta,US
2692,2026-06-09,Organic/Direct,CA
2693,2026-02-22,TikTok,EU
2694,2026-04-08,Meta,US
2695,2026-07-03,Google,US
2696,2026-03-30,Meta,US
2697,2026-03-02,Affiliate,US
2698,2026-05-17,Meta,AU
2699,2026-04-01,Meta,AU
2700,2026-05-19,Organic/Direct,US
2701,2026-04-05,Organic/Direct,US
2702,2026-06-04,TikTok,EU
2703,2026-05-20,Organic/Direct,US
2704,2026-07-11,Google,AU
2705,2026-04-05,TikTok,US
2706,2026-03-22,TikTok,CA
2707,2026-06-30,Affiliate,UK
2708,2026-01-26,Affiliate,EU
2709,2026-05-30,Meta,CA
2710,2026-06-23,Meta,UK
2711,2026-07-29,Organic/Direct,AU
2712,2026-06-18,Google,US
2713,2026-02-10,Meta,UK
2714,2026-07-05,Google,US
2715,2026-04-07,Meta,UK
2716,2026-07-26,Meta,US
2717,2026-04-26,Meta,CA
2718,2026-03-16,Google,EU
2719,2026-05-16,Meta,CA
2720,2026-05-18,Organic/Direct,US
2721,2026-07-23,Google,US
2722,2026-06-06,Meta,US
2723,2026-04-23,Google,UK
2724,2026-06-18,TikTok,EU
2725,2026-07-20,Meta,US
2726,2026-07-13,Meta,US
2727,2026-07-23,Meta,UK
2728,2026-06-16,Google,UK
2729,2026-05-30,Affiliate,UK
2730,2026-07-14,Meta,CA
2731,2026-06-06,Meta,AU
2732,2026-07-25,Meta,CA
2733,2026-05-24,Organic/Direct,UK
2734,2026-07-06,Google,EU
2735,2026-07-06,Google,US
2736,2026-06-21,Meta,AU
2737,2026-07-21,TikTok,US
2738,2026-07-21,Meta,US
2739,2026-07-07,Affiliate,US
2740,2026-07-01,Meta,US
2741,2026-06-09,Google,US
2742,2026-05-12,Google,US
2743,2026-02-17,Google,EU
2744,2026-05-12,TikTok,US
2745,2026-04-30,Meta,US
2746,2026-06-27,Meta,US
2747,2026-06-10,Google,CA
2748,2026-07-22,Affiliate,US
2749,2026-04-30,Meta,US
2750,2026-01-23,TikTok,US
2751,2026-06-15,Google,EU
2752,2026-06-09,Meta,UK
2753,2026-07-29,Google,CA
2754,2026-04-02,Google,US
2755,2026-04-03,Affiliate,UK
2756,2026-07-09,Meta,US
2757,2026-02-03,Google,UK
2758,2026-06-10,Meta,US
2759,2026-06-12,Meta,US
2760,2026-07-19,Meta,US
2761,2026-05-07,Affiliate,US
2762,2026-05-28,Meta,US
2763,2026-07-26,Meta,UK
2764,2026-05-10,Meta,AU
2765,2026-07-09,Meta,US
2766,2026-03-31,Google,US
2767,2026-02-07,Organic/Direct,US
2768,2026-06-15,Google,US
2769,2026-07-01,Organic/Direct,US
2770,2026-01-11,TikTok,US
2771,2026-05-08,Affiliate,US
2772,2026-03-20,Meta,UK
2773,2026-03-17,Meta,US
2774,2026-03-05,TikTok,UK
2775,2026-05-25,Affiliate,US
2776,2026-07-25,Organic/Direct,US
2777,2026-04-04,Affiliate,UK
2778,2026-07-26,Meta,CA
2779,2026-06-11,Meta,US
2780,2026-06-29,Google,US
2781,2026-06-12,Meta,US
2782,2026-03-11,Google,US
2783,2026-05-06,Affiliate,CA
2784,2026-05-22,Affiliate,EU
2785,2026-04-17,Google,US
2786,2026-07-17,Organic/Direct,US
2787,2026-05-14,Meta,CA
2788,2026-05-19,Meta,US
2789,2026-04-08,Meta,US
2790,2026-04-29,Meta,UK
2791,2026-06-28,Meta,US
2792,2026-04-30,Meta,US
2793,2026-04-23,Meta,US
2794,2026-06-08,TikTok,EU
2795,2026-07-09,TikTok,US
2796,2026-06-19,TikTok,US
2797,2026-07-10,Meta,US
2798,2026-05-29,Meta,US
2799,2026-03-14,Google,US
2800,2026-06-12,Meta,US
2801,2026-01-29,TikTok,US
2802,2026-01-15,Google,US
2803,2026-07-27,Meta,US
2804,2026-06-03,Meta,US
2805,2026-05-25,Affiliate,US
2806,2026-04-26,Meta,US
2807,2026-03-01,TikTok,US
2808,2026-01-22,Google,UK
2809,2026-07-21,Affiliate,EU
2810,2026-03-09,Meta,CA
2811,2026-03-20,Organic/Direct,AU
2812,2026-06-29,Meta,US
2813,2026-06-29,Affiliate,CA
2814,2026-06-04,Meta,UK
2815,2026-02-18,Meta,US
2816,2026-04-27,Meta,UK
2817,2026-07-07,Meta,UK
2818,2026-07-22,Google,US
2819,2026-04-30,Meta,US
2820,2026-07-14,Affiliate,UK
2821,2026-06-22,Google,US
2822,2026-05-26,Google,US
2823,2026-07-05,Google,US
2824,2026-07-04,TikTok,US
2825,2026-07-12,Meta,UK
2826,2026-07-15,TikTok,US
2827,2026-05-29,Meta,UK
2828,2026-05-25,Google,US
2829,2026-05-04,Affiliate,CA
2830,2026-06-01,Meta,EU
2831,2026-06-27,Google,CA
2832,2026-03-10,Meta,AU
2833,2026-05-12,Google,UK
2834,2026-04-06,Google,US
2835,2026-05-18,TikTok,EU
2836,2026-06-10,Meta,US
2837,2026-03-11,Meta,US
2838,2026-05-24,Meta,US
2839,2026-06-03,Meta,US
2840,2026-06-06,Meta,US
2841,2026-05-13,Google,US
2842,2026-05-21,Meta,US
2843,2026-05-11,Organic/Direct,US
2844,2026-04-02,Meta,US
2845,2026-06-14,Google,US
2846,2026-02-04,Meta,US
2847,2026-01-28,Google,US
2848,2026-07-18,TikTok,US
2849,2026-05-13,Meta,CA
2850,2026-06-25,Google,US
2851,2026-04-06,Google,UK
2852,2026-04-24,Meta,US
2853,2026-07-21,Google,UK
2854,2026-07-14,TikTok,US
2855,2026-06-24,Meta,US
2856,2026-05-23,Organic/Direct,UK
2857,2026-05-19,Meta,EU
2858,2026-07-18,Meta,CA
2859,2026-01-21,Meta,US
2860,2026-01-07,Affiliate,US
2861,2026-01-14,Organic/Direct,CA
2862,2026-06-02,Meta,US
2863,2026-03-06,Meta,UK
2864,2026-05-22,TikTok,EU
2865,2026-04-18,Google,US
2866,2026-01-25,Meta,UK
2867,2026-07-19,TikTok,AU
2868,2026-07-20,Google,US
2869,2026-06-24,TikTok,US
2870,2026-07-28,Affiliate,UK
2871,2026-03-21,Google,US
2872,2026-07-01,Organic/Direct,US
2873,2026-07-02,Meta,EU
2874,2026-06-18,Organic/Direct,AU
2875,2026-06-23,Affiliate,US
2876,2026-07-26,Google,US
2877,2026-06-23,Affiliate,US
2878,2026-05-17,Organic/Direct,US
2879,2026-02-12,Meta,US
2880,2026-05-19,Google,EU
2881,2026-07-07,Meta,EU
2882,2026-05-30,TikTok,US
2883,2026-03-23,Organic/Direct,UK
2884,2026-06-21,Meta,US
2885,2026-07-08,Meta,US
2886,2026-04-23,Google,US
2887,2026-04-27,Google,UK
2888,2026-01-06,Meta,US
2889,2026-04-23,Affiliate,UK
2890,2026-07-05,Meta,US
2891,2026-04-20,Organic/Direct,US
2892,2026-06-11,Meta,US
2893,2026-05-26,Meta,CA
2894,2026-06-18,Google,EU
2895,2026-03-08,Meta,US
2896,2026-04-28,Google,UK
2897,2026-04-30,Google,UK
2898,2026-04-05,Meta,US
2899,2026-04-26,Meta,US
2900,2026-06-17,Google,US
2901,2026-07-17,Google,US
2902,2026-05-21,Meta,EU
2903,2026-06-28,Google,US
2904,2026-05-17,Google,US
2905,2026-06-07,Organic/Direct,US
2906,2026-07-03,Google,US
2907,2026-04-14,Google,US
2908,2026-06-05,Google,US
2909,2026-07-03,Google,US
2910,2026-01-17,Affiliate,AU
2911,2026-05-24,Meta,US
2912,2026-07-12,Google,US
2913,2026-03-07,Meta,US
2914,2026-05-02,Meta,UK
2915,2026-06-23,TikTok,US
2916,2026-04-06,Meta,UK
2917,2026-05-29,Meta,UK
2918,2026-07-14,Meta,US
2919,2026-07-29,Meta,US
2920,2026-06-24,Meta,US
2921,2026-06-13,Meta,US
2922,2026-04-06,Google,CA
2923,2026-05-21,Meta,US
2924,2026-05-15,Organic/Direct,CA
2925,2026-07-13,Google,CA
2926,2026-06-24,Affiliate,US
2927,2026-05-19,Google,US
2928,2026-07-10,Google,US
2929,2026-07-01,Google,US
2930,2026-04-24,TikTok,EU
2931,2026-05-29,TikTok,US
2932,2026-06-26,Meta,US
2933,2026-05-18,Meta,US
2934,2026-06-08,Meta,US
2935,2026-06-19,Affiliate,US
2936,2026-02-13,Organic/Direct,US
2937,2026-06-29,Meta,EU
2938,2026-05-07,Affiliate,US
2939,2026-05-05,TikTok,US
2940,2026-02-22,Meta,UK
2941,2026-05-03,TikTok,CA
2942,2026-04-22,TikTok,US
2943,2026-05-13,Organic/Direct,UK
2944,2026-05-10,Google,UK
2945,2026-06-10,Organic/Direct,CA
2946,2026-06-02,Meta,US
2947,2026-07-26,Meta,US
2948,2026-05-15,Meta,AU
2949,2026-03-26,Meta,US
2950,2026-07-23,Google,CA
2951,2026-07-29,Affiliate,UK
2952,2026-04-13,Affiliate,US
2953,2026-07-19,TikTok,US
2954,2026-02-23,Meta,CA
2955,2026-02-26,Google,CA
2956,2026-07-22,Meta,UK
2957,2026-05-10,Organic/Direct,US
2958,2026-04-05,Meta,US
2959,2026-04-23,Meta,US
2960,2026-07-10,Affiliate,US
2961,2026-06-10,Google,UK
2962,2026-04-06,Affiliate,AU
2963,2026-05-07,Google,US
2964,2026-01-24,Organic/Direct,UK
2965,2026-06-03,Meta,US
2966,2026-07-11,Google,US
2967,2026-07-20,Affiliate,CA
2968,2026-05-20,Google,AU
2969,2026-06-09,Meta,US
2970,2026-03-09,Google,US
2971,2026-06-05,Meta,CA
2972,2026-04-24,Affiliate,US
2973,2026-05-07,Affiliate,US
2974,2026-04-24,Google,US
2975,2026-06-01,Google,US
2976,2026-06-15,Google,AU
2977,2026-06-11,Organic/Direct,EU
2978,2026-06-20,Meta,US
2979,2026-04-05,Affiliate,US
2980,2026-04-06,Affiliate,US
2981,2026-07-03,Organic/Direct,US
2982,2026-05-29,Affiliate,US
2983,2026-06-14,Affiliate,CA
2984,2026-05-05,Meta,US
2985,2026-07-01,Organic/Direct,AU
2986,2026-05-26,Meta,UK
2987,2026-03-10,Google,US
2988,2026-05-05,Google,CA
2989,2026-07-17,Meta,EU
2990,2026-02-04,Meta,US
2991,2026-05-10,TikTok,US
2992,2026-05-27,Google,US
2993,2026-03-16,TikTok,US
2994,2026-03-13,Meta,US
2995,2026-07-20,Meta,US
2996,2026-07-22,Meta,US
2997,2026-01-22,Google,CA
2998,2026-07-09,Google,US
2999,2026-07-08,Affiliate,US
3000,2026-01-27,Meta,US
3001,2026-05-05,Google,US
3002,2026-04-25,Google,US
3003,2026-03-15,Meta,US
3004,2026-06-05,Google,UK
3005,2026-05-07,Organic/Direct,US
3006,2026-06-28,Organic/Direct,CA
3007,2026-04-25,Google,US
3008,2026-04-20,TikTok,US
3009,2026-02-19,TikTok,UK
3010,2026-04-22,Meta,US
3011,2026-07-28,Meta,UK
3012,2026-04-07,Meta,CA
3013,2026-03-21,Organic/Direct,UK
3014,2026-06-20,Google,US
3015,2026-05-30,Meta,US
3016,2026-05-11,Affiliate,US
3017,2026-04-22,Google,US
3018,2026-07-15,Google,US
3019,2026-04-06,Meta,US
3020,2026-01-22,TikTok,EU
3021,2026-07-21,TikTok,US
3022,2026-07-12,Meta,CA
3023,2026-04-09,Meta,UK
3024,2026-06-16,Affiliate,CA
3025,2026-07-23,TikTok,CA
3026,2026-06-06,Organic/Direct,EU
3027,2026-04-24,Organic/Direct,US
3028,2026-05-18,TikTok,CA
3029,2026-04-18,Organic/Direct,US
3030,2026-07-30,Meta,AU
3031,2026-04-22,TikTok,US
3032,2026-07-30,TikTok,US
3033,2026-06-09,Meta,US
3034,2026-04-20,Meta,UK
3035,2026-07-05,Meta,US
3036,2026-06-21,Affiliate,CA
3037,2026-05-21,Meta,US
3038,2026-01-11,Affiliate,US
3039,2026-02-21,Meta,US
3040,2026-04-29,Meta,US
3041,2026-07-04,Meta,AU
3042,2026-03-17,Google,US
3043,2026-06-15,Meta,US
3044,2026-02-11,Affiliate,US
3045,2026-02-13,Meta,UK
3046,2026-04-18,Meta,UK
3047,2026-07-15,Meta,UK
3048,2026-06-13,Meta,US
3049,2026-05-21,Google,US
3050,2026-05-01,Meta,CA
3051,2026-05-17,Google,AU
3052,2026-03-21,Meta,CA
3053,2026-05-03,Google,UK
3054,2026-05-25,Organic/Direct,UK
3055,2026-03-26,Meta,EU
3056,2026-07-21,Meta,US
3057,2026-07-09,Google,CA
3058,2026-05-31,Google,US
3059,2026-04-08,Affiliate,US
3060,2026-06-29,Google,EU
3061,2026-03-01,Meta,EU
3062,2026-04-10,Google,US
3063,2026-06-06,Google,UK
3064,2026-07-14,Google,US
3065,2026-05-26,Google,US
3066,2026-04-20,Affiliate,US
3067,2026-04-15,Meta,CA
3068,2026-05-07,Google,UK
3069,2026-03-13,Meta,UK
3070,2026-07-17,Meta,US
3071,2026-05-31,Organic/Direct,UK
3072,2026-06-14,Google,US
3073,2026-06-09,Affiliate,US
3074,2026-06-04,TikTok,US
3075,2026-06-11,Meta,US
3076,2026-04-24,Meta,US
3077,2026-05-17,Organic/Direct,US
3078,2026-06-17,TikTok,AU
3079,2026-07-17,Meta,US
3080,2026-04-19,Google,EU
3081,2026-07-01,Meta,US
3082,2026-05-19,TikTok,EU
3083,2026-03-18,Affiliate,AU
3084,2026-07-20,Meta,US
3085,2026-06-07,TikTok,US
3086,2026-07-19,Affiliate,US
3087,2026-06-15,Organic/Direct,US
3088,2026-07-01,Meta,US
3089,2026-05-15,Google,CA
3090,2026-04-24,Google,US
3091,2026-04-01,TikTok,AU
3092,2026-07-24,Meta,AU
3093,2026-06-12,Meta,UK
3094,2026-05-10,Google,US
3095,2026-06-11,Organic/Direct,US
3096,2026-04-26,Meta,US
3097,2026-07-19,Google,CA
3098,2026-05-18,Meta,US
3099,2026-03-31,Meta,CA
3100,2026-06-30,Organic/Direct,US
3101,2026-06-02,Google,US
3102,2026-03-08,Meta,US
3103,2026-04-21,Google,AU
3104,2026-04-24,Organic/Direct,EU
3105,2026-07-03,Organic/Direct,UK
3106,2026-03-21,Meta,CA
3107,2026-07-03,Meta,AU
3108,2026-07-26,Google,CA
3109,2026-01-18,Affiliate,US
3110,2026-04-06,Organic/Direct,US
3111,2026-06-30,Google,CA
3112,2026-04-25,Meta,UK
3113,2026-07-13,Google,US
3114,2026-04-19,Affiliate,EU
3115,2026-06-30,Meta,US
3116,2026-03-01,TikTok,UK
3117,2026-05-01,Google,US
3118,2026-06-17,Google,CA
3119,2026-06-27,Meta,AU
3120,2026-05-19,Organic/Direct,CA
3121,2026-04-29,Affiliate,UK
3122,2026-07-17,Meta,UK
3123,2026-01-19,Meta,US
3124,2026-07-24,TikTok,US
3125,2026-03-24,Affiliate,UK
3126,2026-04-23,Meta,AU
3127,2026-07-25,Affiliate,UK
3128,2026-01-12,Meta,US
3129,2026-04-07,Meta,US
3130,2026-04-19,Google,US
3131,2026-06-18,Google,UK
3132,2026-03-31,Meta,US
3133,2026-04-25,Google,CA
3134,2026-05-13,Meta,US
3135,2026-03-07,Meta,AU
3136,2026-07-03,Meta,EU
3137,2026-05-01,TikTok,US
3138,2026-05-24,Meta,US
3139,2026-06-26,TikTok,CA
3140,2026-05-27,Affiliate,US
3141,2026-05-16,Meta,US
3142,2026-05-31,Affiliate,CA
3143,2026-02-22,Meta,US
3144,2026-05-13,Google,US
3145,2026-07-21,Meta,UK
3146,2026-05-04,Affiliate,US
3147,2026-05-16,Google,US
3148,2026-04-06,Google,EU
3149,2026-06-15,Meta,US
3150,2026-01-30,TikTok,CA
3151,2026-03-05,TikTok,AU
3152,2026-07-04,Google,UK
3153,2026-06-01,Meta,US
3154,2026-03-25,Google,AU
3155,2026-04-12,Affiliate,AU
3156,2026-05-02,Meta,UK
3157,2026-07-24,Meta,US
3158,2026-07-24,Meta,US
3159,2026-05-27,Meta,US
3160,2026-04-12,TikTok,US
3161,2026-04-21,Meta,CA
3162,2026-06-20,Meta,UK
3163,2026-04-20,Meta,US
3164,2026-06-29,TikTok,US
3165,2026-01-26,Affiliate,US
3166,2026-03-24,TikTok,CA
3167,2026-04-04,Google,US
3168,2026-05-01,Google,US
3169,2026-04-21,Meta,US
3170,2026-06-20,Google,US
3171,2026-03-06,Organic/Direct,US
3172,2026-05-27,Organic/Direct,US
3173,2026-04-15,Meta,US
3174,2026-05-13,Meta,US
3175,2026-03-11,Meta,EU
3176,2026-05-14,Meta,US
3177,2026-06-08,Google,US
3178,2026-07-09,Organic/Direct,US
3179,2026-03-28,Affiliate,US
3180,2026-04-16,Meta,US
3181,2026-05-26,TikTok,US
3182,2026-04-12,TikTok,US
3183,2026-04-28,Meta,US
3184,2026-04-30,Google,US
3185,2026-01-16,TikTok,CA
3186,2026-07-08,Google,US
3187,2026-06-20,Meta,UK
3188,2026-06-01,Affiliate,EU
3189,2026-03-02,Meta,UK
3190,2026-05-10,TikTok,US
3191,2026-07-02,Meta,US
3192,2026-07-28,Meta,US
3193,2026-03-29,Affiliate,US
3194,2026-07-02,Google,US
3195,2026-04-25,Google,US
3196,2026-07-22,TikTok,US
3197,2026-06-15,Meta,UK
3198,2026-03-21,Google,US
3199,2026-06-15,TikTok,US
3200,2026-04-16,Google,EU
